,10,15,20,35,40,50,60,601,61,101,103,105,107,109,111,113,115,117,119,120,121,123,125,127,129,131,139,141,143,145,147,149,151,153,157,159,161,163,164,166,167,169,171,173,177,179,181,183,184,185,187,189,191,193,195,197,199,201,203,204,205,206,207,208,209,211,213,215,217,219,225,229,231,237,239,241,243,247,249,251,253,255,257,259,261,263,265,267,269,271,273,275,1,2,3,River,Lake
0,0.0,0.039115921768,0.0,0.1032786515068,0.0,0.0,0.0,0.0,0.0,0.0160585369602812,0.011260842975043199,0.011444296648135122,0.00461931276393664,0.019562755738926404,0.01199973011920144,0.0016916626721517603,0.0044045789714696,0.00995130500444696,0.01489018223118888,0.0,0.0035194361340168804,0.0,0.0038550633608256005,0.0014929916436881602,0.0,0.0036141219007740006,0.00049794568410664,0.0008327275022836,0.0005241533516912001,0.00233586404955288,0.0007228243801548002,0.0022885211661743204,0.012214463911668482,0.0037341699264839207,0.00437837130388504,0.003493228466432321,0.0013357456381808003,0.00079637493111792,0.0,0.00021980624425760003,0.0012309149678425603,0.0,0.0033258375573438407,0.0,0.004917742010947921,0.0,0.0,0.0,0.0,0.0021684731404644003,0.0,0.00912364995395392,0.006923896694114401,0.006028608953080561,0.0,0.00144057630851904,0.010087415794160321,0.0037713679062813606,0.2800573818196,0.0,0.00552559081718336,0.0,0.00586629049578264,0.0,7.355055096312e-05,0.00073296928373592,0.00117849963267344,0.007793822176195441,0.00204757970612272,0.003493228466432321,0.0019275316804128002,0.005425832598635681,0.0013932334251404803,0.0013196828741773602,0.0037713679062813606,0.0,0.00036690734618384003,0.00594998595032688,0.0,0.00204250725433216,0.00460916786035552,0.0034146054636786404,0.0,0.0,0.0,0.0,0.0,0.0,0.0,0.0,0.0,0.0,0.02903985625174055,-0.020769804141825606,0.141720441763187,-0.8301322994228992,0.0
3600,0.0,0.039115921768,0.0,0.10763187505840001,0.0,0.0,0.0,0.0,0.0,0.0232489266439892,0.0163030114713312,0.01656860858013592,0.00668766176271424,0.028322198607102403,0.01737274360541104,0.00244912357013016,0.0063767785109336,0.014407113215393359,0.02155742800634808,0.0,0.00509530305969608,0.0,0.0055812111343296,0.00216149536474256,0.0,0.005232385438434,0.00072090643818424,0.0012055905630076,0.0007588488822992001,0.0033817733254720797,0.0010464770876868002,0.0033132321361031202,0.01768362685719168,0.005406186311476721,0.0063388360668186405,0.00505736061558112,0.0019338407000528003,0.0011529607211707201,0.0,0.0003182269506416,0.00178207092359296,0.0,0.00481501855316944,0.0,0.00711971604570072,0.0,0.0,0.0,0.0,0.0031394312630604,0.0,0.01320886635124672,0.010024148945210401,0.00872798609625096,0.0,0.0020856104765126396,0.01460416913482912,0.005460040103123761,0.2858616798884,0.0,0.00799973595920576,0.0,0.008492987732700241,0.0,0.00010648363348392,0.00106116448540872,0.0017061860353630401,0.01128359329986504,0.00296440644020752,0.00505736061558112,0.0027906055671648,0.00785530988160688,0.00201706928714368,0.00191058565365976,0.005460040103123761,0.0,0.0005311942176094399,0.00861415876390608,0.0,0.00295706274134656,0.00667297436499232,0.00494353328323624,0.0,0.0,0.0,0.0,0.0,0.0,0.0,0.0,0.0,0.0,0.06287272741532669,-0.019414161250889034,0.19167143797707625,-0.8240855119502059,-0.2167273344907878
7200,0.0,0.039115921768,0.0,0.1084520476116,0.0,0.0,0.0,0.0,0.0,0.0174966148970228,0.012269276674300798,0.012469159034535281,0.00503298256369216,0.021314644312561602,0.013074332816443358,0.00184315485174744,0.0047990188793624,0.01084246664663624,0.016223631386220717,0.0,0.00383460951915272,0.0,0.0042002929155264,0.00162669238789904,0.0,0.003937774608306,0.00054253783492216,0.0009073001144284,0.0005710924578128001,0.0025450459047367197,0.0007875549216612,0.00249346336016008,0.01330829650077312,0.004068573203482481,0.00477046425647176,0.0038060548962620803,0.0014553646505552002,0.0008676920891284801,0.0,0.0002394903855344,0.0013411461589926401,0.0,0.00362367375650896,0.0,0.00535813681789848,0.0,0.0,0.0,0.0,0.0023626647649836,0.0,0.00994069323341248,0.0075439471443336,0.006568484381714641,0.0,0.0015695831421177599,0.01099076646229408,0.00410910234564984,0.28459987596040004,0.0,0.00602041984558784,0.0,0.00639162994316616,0.0,8.013716746728e-05,0.00079860832407048,0.00128403691321136,0.00849177640092936,0.00223094505293968,0.0038060548962620803,0.0021001464577632,0.005911728055229921,0.0015180005975411201,0.00143786343007384,0.00410910234564984,0.0,0.00039976472046896,0.00648282051304272,0.0,0.00222541835173504,0.00502192916128288,0.00372039102759016,0.0,0.0,0.0,0.0,0.0,0.0,0.0,0.0,0.0,0.0,0.07884295367987028,0.00837179837276227,0.22836956350923657,-0.8184128598435008,-0.21010585453962224
10800,0.0,0.039115921768,0.0,0.1084520476116,0.0,0.0,0.0,0.0,0.0,0.0172569352408992,0.012101204391091198,0.01229834863680192,0.00496403759706624,0.021022662883622402,0.012895232366903039,0.0018179061551481602,0.0047332788947136,0.010693939706271359,0.01600138986038208,0.0,0.00378208062163008,0.0,0.0041427546564096005,0.00160440893053056,0.0,0.003883832490384,0.0005351058097862399,0.0008948713457376,0.0005632692734592,0.00251018226220608,0.0007767664980768001,0.0024593063278291203,0.013125991069255681,0.004012839323982721,0.00470511543104064,0.0037539171579571203,0.0014354281484928002,0.00085580589612672,0.0,0.0002362096953216,0.0013227742938009602,0.0,0.00357403438998144,0.0,0.0052847376834067195,0.0,0.0,0.0,0.0,0.0023302994942304,0.0,0.00980451935350272,0.007440605402630401,0.0064785051436089605,0.0,0.0015480820031846397,0.01084020801760512,0.00405281327242176,0.28907927990480003,0.0,0.00593794834085376,0.0,0.00630407336860224,0.0,7.903939804992e-05,0.00078766848401472,0.0012664473664550401,0.00837545069680704,0.00220038416180352,0.0037539171579571203,0.0020713773282048003,0.005830745479130881,0.00149720606880768,0.00141816667075776,0.00405281327242176,0.0,0.00039428849142143996,0.00639401475259008,0.0,0.00219493316883456,0.00495313561112832,0.0036694267669382403,0.0,0.0,0.0,0.0,0.0,0.0,0.0,0.0,0.0,0.0,0.0742460593319573,0.010389330597804166,0.22624133753418113,-0.8157479585854834,-0.20869645447313706
14400,0.0,0.039115921768,0.0,0.11299454175240001,0.0,0.0,0.0,0.0,0.0,0.0091078269326968,0.0063867467619648,0.006490795113867681,0.00261990873178496,0.011095294299689602,0.0068058170825321595,0.0009594504707726401,0.0024981194166544003,0.00564402373386544,0.00844517798186832,0.0,0.00199609810586032,0.0,0.0021864538464384,0.0008467713800022401,0.0,0.002049800481036,0.00028241695516496,0.0004722932102504,0.00029728100543680003,0.00132481841616432,0.00040996009620720004,0.0012979672285764801,0.006927606397662721,0.0021178874209908803,0.0024832553663825603,0.00198123405558848,0.0007575870783712002,0.00045167533406688,0.0,0.0001246662280864,0.0006981308772838401,0.0,0.00188629592804576,0.0,0.00278916711068688,0.0,0.0,0.0,0.0,0.0012298802886216,0.0,0.0051746074365708805,0.0039269861847216,0.0034192110480158406,0.0,0.00081704327945856,0.0057212208981804805,0.00213898478266704,0.2858616798884,0.0,0.0031339171798950402,0.0,0.00332714983342896,0.0,4.171523785968e-05,0.00041571392211888,0.00066840277674016,0.00442037675664816,0.00116131386317408,0.00198123405558848,0.0010932269232192,0.0030773378917635205,0.0007901920918707201,0.00074847685401104,0.00213898478266704,0.0,0.00020809670380576,0.0033746188972003203,0.0,0.00115843695021824,0.00261415490587328,0.0019366419047729601,0.0,0.0,0.0,0.0,0.0,0.0,0.0,0.0,0.0,0.0,0.10096806354645385,0.03591666415413414,0.2839929436114587,-0.8069094238485651,-0.19809284336937244
18000,0.0,0.022712470704000003,0.0,0.11476106725160001,0.0,0.0,0.0,0.0,0.0,0.0110252641816856,0.0077313250276416,0.00785727829573456,0.0031714684647923203,0.013431145731203202,0.00823862067885472,0.00116144004356688,0.0030240392938448,0.00683223925678448,0.01022311018857744,0.0,0.00241632928604144,0.0769069494116,0.0026467599193728004,0.00102503903895008,0.0,0.0024813374244120005,0.00034187315625232,0.0005717233597768,0.00035986648026560005,0.0016037275564094401,0.0004962674848824001,0.0015712234872241602,0.00838604984980224,0.0025637584569889603,0.0030060459698315204,0.0023983359620281604,0.0009170790948704002,0.0005467648780809601,0.0,0.00015091174978880002,0.0008451057988172802,0.0,0.00228341086026592,0.0,0.00337636018662096,0.0,0.0,0.0,0.0,0.0014888024546472,0.0,0.006263998475848961,0.0047537201183472004,0.004139044952861281,0.0,0.00098905239092352,0.00692568845569216,0.0025892973684916803,0.28907927990480003,0.0,0.0037936892177676805,0.0,0.00402760242994032,0.0,5.049739319856e-05,0.0005032326425649601,0.00080911915079072,0.00535098238962672,0.00140580099226336,0.0023983359620281604,0.0013233799596864002,0.003725198500555841,0.0009565483217382402,0.0009060509285396801,0.0025892973684916803,0.0,0.00025190653618592003,0.00408506498082144,0.0,0.00140231841342208,0.0031645033071097603,0.0023443559899883203,0.0,0.0,0.0,0.0,0.0,0.0,0.0,0.0,0.0,0.0,0.030007668410578604,0.01565701120852017,-0.03009553641064351,-0.4890208165437588,-0.20692948380159612
21600,0.0,0.022712470704000003,0.0,0.1121112790028,0.0,0.0,0.0,0.0,0.0,0.010186385385253,0.007143072036407999,0.0072594419036678005,0.0029301610816016,0.012409210729916001,0.0076117691054636,0.0010730696054694,0.002793949347574,0.0063123949655073995,0.009445264848142199,0.0,0.0022324781447122,0.0,0.0024453760124640003,0.0009470469381604001,0.0,0.0022925400116850002,0.0003158610682766,0.0005282226693589999,0.000332485335028,0.0014817048075522,0.00045850800233700005,0.0014516738740658,0.0077479808394912,0.0023686898787398003,0.0027773250808226,0.0022158538779608002,0.0008473013376520002,0.0005051632025748,0.0,0.000139429334044,0.0007808042706464001,0.0,0.0021096730774196,0.0,0.0031194632158998,0.0,0.0,0.0,0.0,0.001375524007011,0.0,0.0057873898961648,0.004392024022386001,0.0038241176194914006,0.0,0.0009137984046575999,0.0063987338992808,0.0023922856121934,0.2884483779408,0.0,0.0035050389511984,0.0,0.0037211544189666,0.0,4.66552002378e-05,0.0004649432023698,0.0007475557371436,0.0049438424251986,0.0012988378732868,0.0022158538779608002,0.0012226880062320001,0.0034417594842092005,0.0008837674711712001,0.0008371122709334001,0.0023922856121934,0.0,0.0002327397345196,0.0037742448192372,0.0,0.0012956202732704,0.0029237258815688,0.0021659810777066003,0.0,0.0,0.0,0.0,0.0,0.0,0.0,0.0,0.0,0.0,0.032101470283711485,0.016713186850250673,0.05484584253457383,-0.48471546848781455,-0.20567713859480488
25200,0.0,0.0,0.0,0.1162121417688,0.0,0.0,0.0,0.0,0.0,0.0128228616026126,0.0089918671517136,0.009138356278734761,0.0036885557144867203,0.015621006448247203,0.00958187405040712,0.0013508052680614802,0.0035170891787108002,0.00794619130952108,0.01188992163236724,0.0,0.0028102960174612402,0.0,0.0030782968627488002,0.0011921649692136801,0.0,0.0028859033088270004,0.00039761334477172,0.0006649391249578,0.00041854036291760007,0.0018652048753892401,0.0005771806617654001,0.0018274012297063603,0.00975334058618304,0.0029817625532371603,0.0034961621605649204,0.0027893689993153605,0.0010666028603384002,0.0006359113255941601,0.0,0.00017551692638480003,0.0009828947877548802,0.0,0.0026557061092223203,0.0,0.00392685369530916,0.0,0.0,0.0,0.0,0.0017315419852962002,0.0,0.007285302575172161,0.005528783181121201,0.004813889238653881,0.0,0.00115031093292192,0.008054876790859361,0.0030114654177022804,0.2910350759932,0.0,0.00441222550327328,0.0,0.0046842767391697205,0.0,5.873066382876e-05,0.00058528144298316,0.0009410407514631201,0.006223425170544121,0.00163500767578456,0.0027893689993153605,0.0015391484313744001,0.004332567821298641,0.0011125072872390403,0.0010537766234102802,0.0030114654177022804,0.0,0.00029297825404232,0.004751108184216241,0.0,0.00163095728517568,0.0036804549332689605,0.0027265879448777203,0.0,0.0,0.0,0.0,0.0,0.0,0.0,0.0,0.0,0.0,0.016950276826762496,0.007902654351397738,0.05326219621426482,-0.4835724428313278,-0.20755717097031753
28800,0.0,0.0,0.0,0.114508706466,0.0,0.0,0.0,0.0,0.0,0.0115046234939328,0.0080674695940608,0.00819889909120128,0.0033093583980441602,0.014015108589081601,0.008596821577935359,0.00121193743676544,0.0031555192631424,0.00712929313751424,0.010667593240254718,0.0,0.00252138708108672,0.0,0.0027618364376064,0.00106960595368704,0.0,0.002589221660256,0.00035673720652415995,0.0005965808971584,0.00037551284897280004,0.00167345484147072,0.0005178443320512001,0.0016395375518860802,0.00875066071283712,0.0026752262159884803,0.00313674362069376,0.0025026114386380804,0.0009569520989952001,0.0005705372640844801,0.0,0.0001574731302144,0.0008818495292006401,0.0,0.00238268959332096,0.0,0.00352315845560448,0.0,0.0,0.0,0.0,0.0015535329961536,0.0,0.0065363462356684806,0.0049604036017536005,0.00431900342907264,0.0,0.0010320546687897598,0.00722680534507008,0.0027018755149478403,0.2929277818852,0.0,0.00395863222723584,0.0,0.00420271557906816,0.0,5.269293203328e-05,0.00052511232267648,0.00084429824430336,0.00558363379787136,0.00146692277453568,0.0025026114386380804,0.0013809182188032,0.0038871636527539207,0.00099813737920512,0.0009454444471718401,0.0027018755149478403,0.0,0.00026285899428096,0.00426267650172672,0.0,0.00146328877922304,0.00330209040741888,0.00244628451129216,0.0,0.0,0.0,0.0,0.0,0.0,0.0,0.0,0.0,0.0,0.022451212250752126,0.010767009848005668,0.06222998897939984,-0.4814626518318042,-0.20603567180440518
32400,0.0,0.0,0.0,0.11513960843000001,0.0,0.0,0.0,0.0,0.0,0.013182381086798001,0.009243975576528,0.009394571875334802,0.0037919731644256004,0.016058978591656003,0.0098505247247176,0.0013886783129604002,0.0036156991556840004,0.008168981720068401,0.0122232839211252,0.0,0.0028890893637452003,0.11772630648240001,0.0031646042514240002,0.0012255901552664001,0.0,0.0029668164857100006,0.0004087613824756,0.0006835822779940001,0.00043027513944800006,0.0019175003391852,0.0005933632971420001,0.0018786367782028003,0.010026798733459201,0.0030653633724868007,0.0035941853987116004,0.0028675756067728007,0.0010965076134320003,0.0006537406150968001,0.0,0.00018043796170400003,0.0010104525855424002,0.0,0.0027301651590136006,0.0,0.004036952397046801,0.0,0.0,0.0,0.0,0.0017800898914260002,0.0,0.007489563395036801,0.005683795793676001,0.004948858095812401,0.0,0.0011825626413216,0.008280714457892802,0.0030958990275444004,0.2929277818852,0.0,0.004535932760374401,0.0,0.004815611601015601,0.0,6.03773179548e-05,0.0006016912030668,0.0009674250715976001,0.006397913726727601,0.0016808490124888,0.0028675756067728007,0.0015823021257120001,0.004454041685447201,0.0011436990803392003,0.0010833217623844001,0.0030958990275444004,0.0,0.00030119259761360003,0.0048843168248952,0.0,0.0016766850595264001,0.0037836452585008006,0.0028030343358556005,0.0,0.0,0.0,0.0,0.0,0.0,0.0,0.0,0.0,0.0,0.0013927988335128317,0.004599742907354575,-0.048815418862518535,-0.4868690805684495,-0.20763818351118393
36000,0.0,0.0,0.0,0.1170954045184,0.0,0.0,0.0,0.0,0.0,0.012942701430674402,0.0090759032933184,0.009223761477601441,0.0037230281977996805,0.015766997162716803,0.00967142427517728,0.0013634296163611201,0.0035499591710352004,0.00802045477970352,0.01200104239528656,0.0,0.0028365604662225602,0.1158336005904,0.0031070659923072004,0.0012033066978979201,0.0,0.0029128743677880003,0.00040132935733968,0.0006711535093032,0.00042245195509440006,0.00188263669665456,0.0005825748735576002,0.0018444797458718404,0.00984449330194176,0.0030096294929870407,0.0035288365732804804,0.0028154378684678407,0.0010765711113696003,0.0006418544220950401,0.0,0.00017715727149120002,0.0009920807203507203,0.0,0.0026805257924860802,0.0,0.00396355326255504,0.0,0.0,0.0,0.0,0.0017477246206728002,0.0,0.007353389515127041,0.0055804540519728005,0.004858878857706721,0.0,0.00116106150238848,0.00813015601320384,0.0030396099543163204,0.28971018186880004,0.0,0.00445346125564032,0.0,0.00472805502645168,0.0,5.9279548537440005e-05,0.0005907513630110401,0.0009498355248412801,0.006281588022605281,0.0016502881213526401,0.0028154378684678407,0.0015535329961536002,0.004373059109348161,0.0011229045516057603,0.00106362500306832,0.0030396099543163204,0.0,0.00029571636856608,0.00479551106444256,0.0,0.0016461998766259202,0.0037148517083462405,0.0027520700752036806,0.0,0.0,0.0,0.0,0.0,0.0,0.0,0.0,0.0,0.0,-0.0008601489266882363,0.004554504524569008,-0.03869441202819276,-0.4877678885444263,-0.20756156923556998
39600,0.0,0.022712470704000003,0.0,0.1136254437164,0.0,0.0,0.0,0.0,0.0,0.014260939539354199,0.010000300850971198,0.010163218665134921,0.00410222551424224,0.0173728950218824,0.01065647674764904,0.0015022974476571601,0.0039115290866036,0.00883735295171036,0.013223370787399078,0.0,0.00312546940259708,0.1146979770552,0.0034235264174496,0.0013258657134245602,0.0,0.0032095560163590002,0.00044220549558723996,0.0007395117371026,0.00046547946903920004,0.00207438673057308,0.0006419112032718,0.0020323434236921203,0.01084717317528768,0.0033161658302357203,0.00388825511315164,0.0031021954291451203,0.0011862218727128001,0.00070722848360472,0.0,0.0001952010676616,0.00109312597890496,0.0,0.00295354230838744,0.0,0.00436724850225972,0.0,0.0,0.0,0.0,0.0019257336098154,0.0,0.00810234585463072,0.0061488336313404,0.005353764667287961,0.0,0.0012793177665206398,0.00895822745899312,0.00334919985707076,0.2910350759932,0.0,0.00490705453167776,0.0,0.00520961618655324,0.0,6.531728033292e-05,0.00065092048331772,0.00104657803200104,0.0069213793952780395,0.00181837302260152,0.0031021954291451203,0.0017117632087248,0.004818463277892881,0.00123727445963968,0.00117195717930676,0.00334919985707076,0.0,0.00032583562832744,0.00528394274693208,0.0,0.00181386838257856,0.00409321623419632,0.00303237350878924,0.0,0.0,0.0,0.0,0.0,0.0,0.0,0.0,0.0,0.0,-0.011948893566308568,-0.0009314130851544165,-0.05953844925273581,-0.4895724467453516,-0.20892373649232643
43200,0.0,0.022712470704000003,0.0,0.11476106725160001,0.0,0.0,0.0,0.0,0.0,0.0139014200551688,0.009748192426156798,0.00990700306853488,0.00399880806430336,0.0169349228784736,0.010387826073338558,0.00146442440275824,0.0038129191096304,0.008614562541163039,0.01289000849864112,0.0,0.00304667605631312,0.1146979770552,0.0033372190287744,0.00129244052737184,0.0,0.003128642839476,0.00043105745788335996,0.0007208685840663999,0.0004537446925088,0.0020220912667771197,0.0006257285678952,0.00198110787519568,0.01057371502801152,0.0032325650109860803,0.00379023187500496,0.00302398882168768,0.0011563171196192002,0.00068939919410208,0.0,0.0001902800323424,0.00106556818111744,0.0,0.00287908325859616,0.0,0.00425714980052208,0.0,0.0,0.0,0.0,0.0018771857036856,0.0,0.00789808503476608,0.0059938210187856006,0.00521879581012944,0.0,0.0012470660581209599,0.00873238979195968,0.00326476624722864,0.2858616798884,0.0,0.0047833472745766395,0.0,0.00507828132470736,0.0,6.367062620688e-05,0.00063451072323408,0.00102019371186656,0.00674689083909456,0.0017725316858972799,0.00302398882168768,0.0016686095143872,0.00469698941374432,0.00120608266653952,0.00114241204033264,0.00326476624722864,0.0,0.00031762128475616,0.00515073410625312,0.0,0.00176814060822784,0.0039900259089644795,0.00295592711781136,0.0,0.0,0.0,0.0,0.0,0.0,0.0,0.0,0.0,0.0,-0.008449439153039839,0.00021475324686918065,-0.053068018205892374,-0.4909145686543318,-0.2088907180494179
46800,0.0,0.022712470704000003,0.0,0.1093353103612,0.0,0.0,0.0,0.0,0.0,0.012942701430674402,0.0090759032933184,0.009223761477601441,0.0037230281977996805,0.015766997162716803,0.00967142427517728,0.0013634296163611201,0.0035499591710352004,0.00802045477970352,0.01200104239528656,0.0,0.0028365604662225602,0.11495033784080001,0.0031070659923072004,0.0012033066978979201,0.0,0.0029128743677880003,0.00040132935733968,0.0006711535093032,0.00042245195509440006,0.00188263669665456,0.0005825748735576002,0.0018444797458718404,0.00984449330194176,0.0030096294929870407,0.0035288365732804804,0.0028154378684678407,0.0010765711113696003,0.0006418544220950401,0.0,0.00017715727149120002,0.0009920807203507203,0.0,0.0026805257924860802,0.0,0.00396355326255504,0.0,0.0,0.0,0.0,0.0017477246206728002,0.0,0.007353389515127041,0.0055804540519728005,0.004858878857706721,0.0,0.00116106150238848,0.00813015601320384,0.0030396099543163204,0.2852307779244,0.0,0.00445346125564032,0.0,0.00472805502645168,0.0,5.9279548537440005e-05,0.0005907513630110401,0.0009498355248412801,0.006281588022605281,0.0016502881213526401,0.0028154378684678407,0.0015535329961536002,0.004373059109348161,0.0011229045516057603,0.00106362500306832,0.0030396099543163204,0.0,0.00029571636856608,0.00479551106444256,0.0,0.0016461998766259202,0.0037148517083462405,0.0027520700752036806,0.0,0.0,0.0,0.0,0.0,0.0,0.0,0.0,0.0,0.0,0.0006922308393631738,0.0022782778454942102,-0.0425921165016941,-0.49197488368091385,-0.20832273256535777
50400,0.0,0.022712470704000003,0.0,0.1049820868096,0.0,0.0,0.0,0.0,0.0,0.0115046234939328,0.0080674695940608,0.00819889909120128,0.0033093583980441602,0.014015108589081601,0.008596821577935359,0.00121193743676544,0.0031555192631424,0.00712929313751424,0.010667593240254718,0.0,0.00252138708108672,0.11495033784080001,0.0027618364376064,0.00106960595368704,0.0,0.002589221660256,0.00035673720652415995,0.0005965808971584,0.00037551284897280004,0.00167345484147072,0.0005178443320512001,0.0016395375518860802,0.00875066071283712,0.0026752262159884803,0.00313674362069376,0.0025026114386380804,0.0009569520989952001,0.0005705372640844801,0.0,0.0001574731302144,0.0008818495292006401,0.0,0.00238268959332096,0.0,0.00352315845560448,0.0,0.0,0.0,0.0,0.0015535329961536,0.0,0.0065363462356684806,0.0049604036017536005,0.00431900342907264,0.0,0.0010320546687897598,0.00722680534507008,0.0027018755149478403,0.2806882837836,0.0,0.00395863222723584,0.0,0.00420271557906816,0.0,5.269293203328e-05,0.00052511232267648,0.00084429824430336,0.00558363379787136,0.00146692277453568,0.0025026114386380804,0.0013809182188032,0.0038871636527539207,0.00099813737920512,0.0009454444471718401,0.0027018755149478403,0.0,0.00026285899428096,0.00426267650172672,0.0,0.00146328877922304,0.00330209040741888,0.00244628451129216,0.0,0.0,0.0,0.0,0.0,0.0,0.0,0.0,0.0,0.0,0.010497353305139802,0.006252375600948573,-0.02477491266074813,-0.4926935556088851,-0.20722806398130691
54000,0.0,0.022712470704000003,0.0,0.102206118168,0.0,0.0,0.0,0.0,0.0,0.0099467057291294,0.0069749997531983994,0.007088631505934441,0.00286121611497568,0.012117229300976801,0.007432668655923279,0.00104782090887012,0.0027282093629252,0.0061638680251425194,0.00922302332230356,0.0,0.00217994924718956,0.11463488685880001,0.0023878377533472,0.00092476348079192,0.0,0.002238597893763,0.00030842904314068,0.0005157939006681999,0.0003246621506744,0.00144684116502156,0.0004477195787526,0.00141751684173484,0.00756567540797376,0.0023129559992400403,0.00271197625539148,0.0021637161396558403,0.0008273648355896001,0.00049327700957304,0.0,0.0001361486438312,0.0007624324054547201,0.0,0.00206003371089208,0.0,0.00304606408140804,0.0,0.0,0.0,0.0,0.0013431587362578,0.0,0.00565121601625504,0.0042886822806828,0.0037341383813857204,0.0,0.0008922972657244799,0.00624817545459184,0.00233599653896532,0.2800573818196,0.0,0.00342256744646432,0.0,0.0036335978444026803,0.0,4.5557430820439996e-05,0.00045400336231404,0.00072996619038728,0.00482751672107628,0.00126827698215064,0.0021637161396558403,0.0011939188766736,0.0033607769081101606,0.00086297294243776,0.00081741551161732,0.00233599653896532,0.0,0.00022726350547207997,0.00368543905878456,0.0,0.00126513509036992,0.00285493233141424,0.00211501681705468,0.0,0.0,0.0,0.0,0.0,0.0,0.0,0.0,0.0,0.0,-0.050989809897143225,-0.001699531294526946,-0.12621846404277282,-0.5003169149114643,0.0
57600,0.0,0.0,0.0,0.1017644867932,0.0,0.0,0.0,0.0,0.0,0.0094673464168822,0.0066388551867792,0.0067470107104677214,0.0027233261817238403,0.011533266443098402,0.00707446775684264,0.0009973235156715602,0.0025967293936276,0.00586681414441276,0.00877854027062628,0.0,0.00207489145214428,0.1150765182336,0.0022727612351136003,0.0008801965660549601,0.0,0.0021307136579190003,0.00029356499286884,0.0004909363632866,0.0003090157819672,0.0013771138799602801,0.00042614273158380006,0.0013492027770729202,0.0072010645449388806,0.0022014882402405203,0.0025812786045292403,0.0020594406630459203,0.0007874918314648002,0.00046950462356952006,0.0,0.0001295872634056,0.0007256886750713601,0.0,0.0019607549778370404,0.0,0.0028992658124245203,0.0,0.0,0.0,0.0,0.0012784281947514002,0.0,0.005378868256435521,0.0040819987972764,0.0035541799051743606,0.0,0.00084929498785824,0.005947058565213921,0.00222341839250916,0.2806882837836,0.0,0.0032576244369961604,0.0,0.0034584846952748403,0.0,4.336189198572e-05,0.00043212368220252003,0.00069478709687464,0.00459486531283164,0.00120715519987832,0.0020594406630459203,0.0011363806175568002,0.003198811755912081,0.0008213838849708802,0.0007780219929851601,0.00222341839250916,0.0,0.00021631104737704,0.0035078275378792804,0.0,0.0012041647245689601,0.00271734523110512,0.00201308829575084,0.0,0.0,0.0,0.0,0.0,0.0,0.0,0.0,0.0,0.0,-0.04046296284051578,-0.0022884066854896384,-0.10482293098293077,-0.5018766165550191,0.0
61200,0.0,0.0,0.0,0.102206118168,0.0,0.0,0.0,0.0,0.0,0.0088681472765732,0.006218674478755199,0.006319984716134321,0.00255096376515904,0.010803312870750401,0.00662671663299184,0.00093420177417336,0.0024323794320056,0.005495496793500559,0.00822293645602968,0.0,0.00194356920833768,0.1145717966624,0.0021289155873216,0.00082448792263376,0.0,0.001995858363114,0.00027498493002904,0.0004598644415596,0.00028945782108320004,0.00128995477363368,0.00039917167262280004,0.00126381019624552,0.00674530096614528,0.0020621535414911203,0.00241790654095144,0.0019290963172835201,0.0007376505763088001,0.00043978914106512003,0.0,0.0001213855378736,0.0006797590120921601,0.0,0.0018366565615182402,0.0,0.00271576797619512,0.0,0.0,0.0,0.0,0.0011975150178684,0.0,0.00503843355666112,0.0038236444430184004,0.0033292318099101604,0.0,0.0007955421405254399,0.00557066245349152,0.00208269570943896,0.281382275944,0.0,0.00305144567516096,0.0,0.0032395932588650403,0.0,4.061746844232e-05,0.00040477408206312,0.00065081322998384,0.00430405105252584,0.00113075297203792,0.0019290963172835201,0.0010644577936608,0.0029963553156644807,0.0007693975631372801,0.00072878009469496,0.00208269570943896,0.0,0.00020262047475824,0.00328581313674768,0.0,0.00112795176731776,0.00254536135571872,0.0018856776441210402,0.0,0.0,0.0,0.0,0.0,0.0,0.0,0.0,0.0,0.0,-0.03396182855224141,-0.003184465804839806,-0.09912032445937288,-0.5041999072840608,0.0
64800,0.0,0.0,0.0,0.1019537573824,0.0,0.0,0.0,0.0,0.0,0.0076697489959552,0.0053783130627072,0.005465932727467521,0.0022062389320294403,0.009343405726054401,0.00573121438529024,0.00080795829117696,0.0021036795087616,0.00475286209167616,0.00711172882683648,0.0,0.0016809247207244802,0.1156443300012,0.0018412242917376,0.0007130706357913601,0.0,0.0017261477735040001,0.00023782480434944,0.0003977205981056,0.0002503418993152,0.00111563656098048,0.00034522955470080006,0.0010930250345907201,0.00583377380855808,0.0017834841439923201,0.00209116241379584,0.0016684076257587202,0.0006379680659968001,0.00038035817605632004,0.0,0.0001049820868096,0.0005878996861337601,0.0,0.0015884597288806403,0.0,0.0023487723037363202,0.0,0.0,0.0,0.0,0.0010356886641024001,0.0,0.00435756415711232,0.0033069357345024003,0.0028793356193817605,0.0,0.00068803644585984,0.0048178702300467205,0.0018012503432985603,0.2800573818196,0.0,0.00263908815149056,0.0,0.00280181038604544,0.0,3.512862135552e-05,0.00035007488178432,0.0005628654962022401,0.00372242253191424,0.00097794851635712,0.0016684076257587202,0.0009206121458688,0.0025914424351692806,0.0006654249194700801,0.0006302962981145601,0.0018012503432985603,0.0,0.00017523932952064,0.00284178433448448,0.0,0.00097552585281536,0.00220139360494592,0.0016308563408614402,0.0,0.0,0.0,0.0,0.0,0.0,0.0,0.0,0.0,0.0,-0.02475792604471442,-0.0003677079989484661,-0.08949965139083393,-0.5061059332399377,0.0
68400,0.0,0.0,0.0,0.10390955347080001,0.0,0.0,0.0,0.0,0.0,0.0076697489959552,0.0053783130627072,0.005465932727467521,0.0022062389320294403,0.009343405726054401,0.00573121438529024,0.00080795829117696,0.0021036795087616,0.00475286209167616,0.00711172882683648,0.0,0.0016809247207244802,0.11463488685880001,0.0018412242917376,0.0007130706357913601,0.0,0.0017261477735040001,0.00023782480434944,0.0003977205981056,0.0002503418993152,0.00111563656098048,0.00034522955470080006,0.0010930250345907201,0.00583377380855808,0.0017834841439923201,0.00209116241379584,0.0016684076257587202,0.0006379680659968001,0.00038035817605632004,0.0,0.0001049820868096,0.0005878996861337601,0.0,0.0015884597288806403,0.0,0.0023487723037363202,0.0,0.0,0.0,0.0,0.0010356886641024001,0.0,0.00435756415711232,0.0033069357345024003,0.0028793356193817605,0.0,0.00068803644585984,0.0048178702300467205,0.0018012503432985603,0.27879557789160003,0.0,0.00263908815149056,0.0,0.00280181038604544,0.0,3.512862135552e-05,0.00035007488178432,0.0005628654962022401,0.00372242253191424,0.00097794851635712,0.0016684076257587202,0.0009206121458688,0.0025914424351692806,0.0006654249194700801,0.0006302962981145601,0.0018012503432985603,0.0,0.00017523932952064,0.00284178433448448,0.0,0.00097552585281536,0.00220139360494592,0.0016308563408614402,0.0,0.0,0.0,0.0,0.0,0.0,0.0,0.0,0.0,0.0,-0.022870546136576627,-0.0031503828348392214,-0.08616590854042311,-0.5082289301805957,0.0
72000,0.0,0.0,0.0,0.10264774954280001,0.0,0.0,0.0,0.0,0.0,0.010186385385253,0.007143072036407999,0.0072594419036678005,0.0029301610816016,0.012409210729916001,0.0076117691054636,0.0010730696054694,0.002793949347574,0.0063123949655073995,0.009445264848142199,0.0,0.0022324781447122,0.115455059412,0.0024453760124640003,0.0009470469381604001,0.0,0.0022925400116850002,0.0003158610682766,0.0005282226693589999,0.000332485335028,0.0014817048075522,0.00045850800233700005,0.0014516738740658,0.0077479808394912,0.0023686898787398003,0.0027773250808226,0.0022158538779608002,0.0008473013376520002,0.0005051632025748,0.0,0.000139429334044,0.0007808042706464001,0.0,0.0021096730774196,0.0,0.0031194632158998,0.0,0.0,0.0,0.0,0.001375524007011,0.0,0.0057873898961648,0.004392024022386001,0.0038241176194914006,0.0,0.0009137984046575999,0.0063987338992808,0.0023922856121934,0.2755779778752,0.0,0.0035050389511984,0.0,0.0037211544189666,0.0,4.66552002378e-05,0.0004649432023698,0.0007475557371436,0.0049438424251986,0.0012988378732868,0.0022158538779608002,0.0012226880062320001,0.0034417594842092005,0.0008837674711712001,0.0008371122709334001,0.0023922856121934,0.0,0.0002327397345196,0.0037742448192372,0.0,0.0012956202732704,0.0029237258815688,0.0021659810777066003,0.0,0.0,0.0,0.0,0.0,0.0,0.0,0.0,0.0,0.0,-0.03212934634134644,-0.01322290469844588,-0.10009032363852545,-0.5116981919181657,0.0
75600,0.0,0.0,0.0,0.10264774954280001,0.0,0.0,0.0,0.0,0.0,0.0115046234939328,0.0080674695940608,0.00819889909120128,0.0033093583980441602,0.014015108589081601,0.008596821577935359,0.00121193743676544,0.0031555192631424,0.00712929313751424,0.010667593240254718,0.0,0.00252138708108672,0.11444561626960001,0.0027618364376064,0.00106960595368704,0.0,0.002589221660256,0.00035673720652415995,0.0005965808971584,0.00037551284897280004,0.00167345484147072,0.0005178443320512001,0.0016395375518860802,0.00875066071283712,0.0026752262159884803,0.00313674362069376,0.0025026114386380804,0.0009569520989952001,0.0005705372640844801,0.0,0.0001574731302144,0.0008818495292006401,0.0,0.00238268959332096,0.0,0.00352315845560448,0.0,0.0,0.0,0.0,0.0015535329961536,0.0,0.0065363462356684806,0.0049604036017536005,0.00431900342907264,0.0,0.0010320546687897598,0.00722680534507008,0.0027018755149478403,0.2775337739636,0.0,0.00395863222723584,0.0,0.00420271557906816,0.0,5.269293203328e-05,0.00052511232267648,0.00084429824430336,0.00558363379787136,0.00146692277453568,0.0025026114386380804,0.0013809182188032,0.0038871636527539207,0.00099813737920512,0.0009454444471718401,0.0027018755149478403,0.0,0.00026285899428096,0.00426267650172672,0.0,0.00146328877922304,0.00330209040741888,0.00244628451129216,0.0,0.0,0.0,0.0,0.0,0.0,0.0,0.0,0.0,0.0,-0.03807273500735458,-0.017264723853558973,-0.10876879020421193,-0.5151345149177264,0.0
79200,0.0,0.022712470704000003,0.0,0.10542371818440001,0.0,0.0,0.0,0.0,0.0,0.014860138679663201,0.0104204815589952,0.01059024465946832,0.00427458793080704,0.018102848594230402,0.011104227871499839,0.0015654191891553602,0.0040758790482256,0.00920867030262256,0.01377897460199568,0.0,0.0032567916464036803,0.11608596137600001,0.0035673720652416004,0.0013815743568457602,0.0,0.003344411311164,0.00046078555842704,0.0007705836588296,0.0004850374299232,0.0021615458368996797,0.0006688822622328,0.00211773600451952,0.011302936754081281,0.0034555005289851203,0.0040516271767294405,0.0032325397749075205,0.0012360631278688003,0.00073694396610912,0.0,0.0002034027931936,0.0011390556418841601,0.0,0.0030776407247062403,0.0,0.00455074633848912,0.0,0.0,0.0,0.0,0.0020066467866984,0.0,0.008442780554405121,0.006407187985598401,0.005578712762552161,0.0,0.0013330706138534399,0.00933462357071552,0.0034899225401409605,0.282013177908,0.0,0.0051132332935129605,0.0,0.0054285076229630405,0.0,6.806170387632e-05,0.00067827008345712,0.00109055189889184,0.00721219365558384,0.00189477525044192,0.0032325397749075205,0.0017836860326208002,0.005020919718140481,0.0012892607814732802,0.00122119907759696,0.0034899225401409605,0.0,0.00033952620094624,0.00550595714806368,0.0,0.00189008133982976,0.00426520010958272,0.00315978416041904,0.0,0.0,0.0,0.0,0.0,0.0,0.0,0.0,0.0,0.0,-0.023158552621827012,-0.017061452766395153,0.10777707330784858,-0.8322516606925435,0.0
82800,0.0,0.022712470704000003,0.0,0.10523444759520001,0.0,0.0,0.0,0.0,0.0,0.0200132512863206,0.014034035648001599,0.014262668210735562,0.00575690471326432,0.024380449316423202,0.014954887536616718,0.00210826616603988,0.0054892887181748,0.012401999520467478,0.01855716740752644,0.0,0.00438616294314044,0.1172846751076,0.0048044446362528,0.0018606686902680801,0.0,0.004504166846487,0.0006205740988493199,0.0010378021856818,0.0006532358935256,0.00291111415130844,0.0009008333692974,0.0028521121996351604,0.01522250353170624,0.004653778938229961,0.00545662692349852,0.00435350114846416,0.0016646979222104002,0.00099249711564696,0.0,0.0002739376327688,0.00153405074350528,0.0,0.00414488710504792,0.0,0.0061288277300619596,0.0,0.0,0.0,0.0,0.0027025001078922,0.0,0.01137051897246496,0.0086290354322172,0.007513266381824281,0.0,0.0017953451009155197,0.01257163013152816,0.00470013761454468,0.282644079872,0.0,0.00688637064529568,0.0,0.0073109739760873205,0.0,9.166374634956e-05,0.00091347664465596,0.00146872715415272,0.00971319629421372,0.00255183440986936,0.00435350114846416,0.0024022223181264,0.006762045104269841,0.00173634314924224,0.00164467940289268,0.00470013761454468,0.0,0.00045726512546791996,0.00741528099779544,0.0,0.00254551277219008,0.00574426143790576,0.00425551576443532,0.0,0.0,0.0,0.0,0.0,0.0,0.0,0.0,0.0,0.0,-0.044252093145006506,-0.02887901308769356,0.05725034593092446,-0.833145696753527,0.0
86400,0.0,0.039115921768,0.0,0.1032786515068,0.0,0.0,0.0,0.0,0.0,0.0160585369602812,0.011260842975043199,0.011444296648135122,0.00461931276393664,0.019562755738926404,0.01199973011920144,0.0016916626721517603,0.0044045789714696,0.00995130500444696,0.01489018223118888,0.0,0.0035194361340168804,0.0,0.0038550633608256005,0.0014929916436881602,0.0,0.0036141219007740006,0.00049794568410664,0.0008327275022836,0.0005241533516912001,0.00233586404955288,0.0007228243801548002,0.0022885211661743204,0.012214463911668482,0.0037341699264839207,0.00437837130388504,0.003493228466432321,0.0013357456381808003,0.00079637493111792,0.0,0.00021980624425760003,0.0012309149678425603,0.0,0.0033258375573438407,0.0,0.004917742010947921,0.0,0.0,0.0,0.0,0.0021684731404644003,0.0,0.00912364995395392,0.006923896694114401,0.006028608953080561,0.0,0.00144057630851904,0.010087415794160321,0.0037713679062813606,0.2800573818196,0.0,0.00552559081718336,0.0,0.00586629049578264,0.0,7.355055096312e-05,0.00073296928373592,0.00117849963267344,0.007793822176195441,0.00204757970612272,0.003493228466432321,0.0019275316804128002,0.005425832598635681,0.0013932334251404803,0.0013196828741773602,0.0037713679062813606,0.0,0.00036690734618384003,0.00594998595032688,0.0,0.00204250725433216,0.00460916786035552,0.0034146054636786404,0.0,0.0,0.0,0.0,0.0,0.0,0.0,0.0,0.0,0.0,0.016560929598868845,-0.00883548427120494,0.1378072773506445,-0.8256745282281056,0.0
90000,0.0,0.039115921768,0.0,0.10763187505840001,0.0,0.0,0.0,0.0,0.0,0.0232489266439892,0.0163030114713312,0.01656860858013592,0.00668766176271424,0.028322198607102403,0.01737274360541104,0.00244912357013016,0.0063767785109336,0.014407113215393359,0.02155742800634808,0.0,0.00509530305969608,0.0,0.0055812111343296,0.00216149536474256,0.0,0.005232385438434,0.00072090643818424,0.0012055905630076,0.0007588488822992001,0.0033817733254720797,0.0010464770876868002,0.0033132321361031202,0.01768362685719168,0.005406186311476721,0.0063388360668186405,0.00505736061558112,0.0019338407000528003,0.0011529607211707201,0.0,0.0003182269506416,0.00178207092359296,0.0,0.00481501855316944,0.0,0.00711971604570072,0.0,0.0,0.0,0.0,0.0031394312630604,0.0,0.01320886635124672,0.010024148945210401,0.00872798609625096,0.0,0.0020856104765126396,0.01460416913482912,0.005460040103123761,0.2858616798884,0.0,0.00799973595920576,0.0,0.008492987732700241,0.0,0.00010648363348392,0.00106116448540872,0.0017061860353630401,0.01128359329986504,0.00296440644020752,0.00505736061558112,0.0027906055671648,0.00785530988160688,0.00201706928714368,0.00191058565365976,0.005460040103123761,0.0,0.0005311942176094399,0.00861415876390608,0.0,0.00295706274134656,0.00667297436499232,0.00494353328323624,0.0,0.0,0.0,0.0,0.0,0.0,0.0,0.0,0.0,0.0,0.05763967947125295,-0.013947549620285991,0.18537622211520835,-0.8199412587372812,-0.21480993552837385
93600,0.0,0.039115921768,0.0,0.1084520476116,0.0,0.0,0.0,0.0,0.0,0.0174966148970228,0.012269276674300798,0.012469159034535281,0.00503298256369216,0.021314644312561602,0.013074332816443358,0.00184315485174744,0.0047990188793624,0.01084246664663624,0.016223631386220717,0.0,0.00383460951915272,0.0,0.0042002929155264,0.00162669238789904,0.0,0.003937774608306,0.00054253783492216,0.0009073001144284,0.0005710924578128001,0.0025450459047367197,0.0007875549216612,0.00249346336016008,0.01330829650077312,0.004068573203482481,0.00477046425647176,0.0038060548962620803,0.0014553646505552002,0.0008676920891284801,0.0,0.0002394903855344,0.0013411461589926401,0.0,0.00362367375650896,0.0,0.00535813681789848,0.0,0.0,0.0,0.0,0.0023626647649836,0.0,0.00994069323341248,0.0075439471443336,0.006568484381714641,0.0,0.0015695831421177599,0.01099076646229408,0.00410910234564984,0.28459987596040004,0.0,0.00602041984558784,0.0,0.00639162994316616,0.0,8.013716746728e-05,0.00079860832407048,0.00128403691321136,0.00849177640092936,0.00223094505293968,0.0038060548962620803,0.0021001464577632,0.005911728055229921,0.0015180005975411201,0.00143786343007384,0.00410910234564984,0.0,0.00039976472046896,0.00648282051304272,0.0,0.00222541835173504,0.00502192916128288,0.00372039102759016,0.0,0.0,0.0,0.0,0.0,0.0,0.0,0.0,0.0,0.0,0.07532640366281383,0.01178110825430856,0.22253812025392594,-0.8143581151606172,-0.20822191583168498
97200,0.0,0.039115921768,0.0,0.1084520476116,0.0,0.0,0.0,0.0,0.0,0.0172569352408992,0.012101204391091198,0.01229834863680192,0.00496403759706624,0.021022662883622402,0.012895232366903039,0.0018179061551481602,0.0047332788947136,0.010693939706271359,0.01600138986038208,0.0,0.00378208062163008,0.0,0.0041427546564096005,0.00160440893053056,0.0,0.003883832490384,0.0005351058097862399,0.0008948713457376,0.0005632692734592,0.00251018226220608,0.0007767664980768001,0.0024593063278291203,0.013125991069255681,0.004012839323982721,0.00470511543104064,0.0037539171579571203,0.0014354281484928002,0.00085580589612672,0.0,0.0002362096953216,0.0013227742938009602,0.0,0.00357403438998144,0.0,0.0052847376834067195,0.0,0.0,0.0,0.0,0.0023302994942304,0.0,0.00980451935350272,0.007440605402630401,0.0064785051436089605,0.0,0.0015480820031846397,0.01084020801760512,0.00405281327242176,0.28907927990480003,0.0,0.00593794834085376,0.0,0.00630407336860224,0.0,7.903939804992e-05,0.00078766848401472,0.0012664473664550401,0.00837545069680704,0.00220038416180352,0.0037539171579571203,0.0020713773282048003,0.005830745479130881,0.00149720606880768,0.00141816667075776,0.00405281327242176,0.0,0.00039428849142143996,0.00639401475259008,0.0,0.00219493316883456,0.00495313561112832,0.0036694267669382403,0.0,0.0,0.0,0.0,0.0,0.0,0.0,0.0,0.0,0.0,0.022676260730183855,0.003235072169768959,-0.041377777252853624,-0.48610178149591055,-0.2119994597458664
100800,0.0,0.039115921768,0.0,0.11299454175240001,0.0,0.0,0.0,0.0,0.0,0.0091078269326968,0.0063867467619648,0.006490795113867681,0.00261990873178496,0.011095294299689602,0.0068058170825321595,0.0009594504707726401,0.0024981194166544003,0.00564402373386544,0.00844517798186832,0.0,0.00199609810586032,0.0,0.0021864538464384,0.0008467713800022401,0.0,0.002049800481036,0.00028241695516496,0.0004722932102504,0.00029728100543680003,0.00132481841616432,0.00040996009620720004,0.0012979672285764801,0.006927606397662721,0.0021178874209908803,0.0024832553663825603,0.00198123405558848,0.0007575870783712002,0.00045167533406688,0.0,0.0001246662280864,0.0006981308772838401,0.0,0.00188629592804576,0.0,0.00278916711068688,0.0,0.0,0.0,0.0,0.0012298802886216,0.0,0.0051746074365708805,0.0039269861847216,0.0034192110480158406,0.0,0.00081704327945856,0.0057212208981804805,0.00213898478266704,0.2858616798884,0.0,0.0031339171798950402,0.0,0.00332714983342896,0.0,4.171523785968e-05,0.00041571392211888,0.00066840277674016,0.00442037675664816,0.00116131386317408,0.00198123405558848,0.0010932269232192,0.0030773378917635205,0.0007901920918707201,0.00074847685401104,0.00213898478266704,0.0,0.00020809670380576,0.0033746188972003203,0.0,0.00115843695021824,0.00261415490587328,0.0019366419047729601,0.0,0.0,0.0,0.0,0.0,0.0,0.0,0.0,0.0,0.0,0.04222064276493244,0.02428131186519341,0.039147001609141724,-0.48481556192126807,-0.20495799022389047
104400,0.0,0.022712470704000003,0.0,0.11476106725160001,0.0,0.0,0.0,0.0,0.0,0.0110252641816856,0.0077313250276416,0.00785727829573456,0.0031714684647923203,0.013431145731203202,0.00823862067885472,0.00116144004356688,0.0030240392938448,0.00683223925678448,0.01022311018857744,0.0,0.00241632928604144,0.0769069494116,0.0026467599193728004,0.00102503903895008,0.0,0.0024813374244120005,0.00034187315625232,0.0005717233597768,0.00035986648026560005,0.0016037275564094401,0.0004962674848824001,0.0015712234872241602,0.00838604984980224,0.0025637584569889603,0.0030060459698315204,0.0023983359620281604,0.0009170790948704002,0.0005467648780809601,0.0,0.00015091174978880002,0.0008451057988172802,0.0,0.00228341086026592,0.0,0.00337636018662096,0.0,0.0,0.0,0.0,0.0014888024546472,0.0,0.006263998475848961,0.0047537201183472004,0.004139044952861281,0.0,0.00098905239092352,0.00692568845569216,0.0025892973684916803,0.28907927990480003,0.0,0.0037936892177676805,0.0,0.00402760242994032,0.0,5.049739319856e-05,0.0005032326425649601,0.00080911915079072,0.00535098238962672,0.00140580099226336,0.0023983359620281604,0.0013233799596864002,0.003725198500555841,0.0009565483217382402,0.0009060509285396801,0.0025892973684916803,0.0,0.00025190653618592003,0.00408506498082144,0.0,0.00140231841342208,0.0031645033071097603,0.0023443559899883203,0.0,0.0,0.0,0.0,0.0,0.0,0.0,0.0,0.0,0.0,0.02454825997798896,0.01620175571428561,-0.026473517226771784,-0.48801456478424593,-0.20664309081815663
108000,0.0,0.022712470704000003,0.0,0.1121112790028,0.0,0.0,0.0,0.0,0.0,0.010186385385253,0.007143072036407999,0.0072594419036678005,0.0029301610816016,0.012409210729916001,0.0076117691054636,0.0010730696054694,0.002793949347574,0.0063123949655073995,0.009445264848142199,0.0,0.0022324781447122,0.0,0.0024453760124640003,0.0009470469381604001,0.0,0.0022925400116850002,0.0003158610682766,0.0005282226693589999,0.000332485335028,0.0014817048075522,0.00045850800233700005,0.0014516738740658,0.0077479808394912,0.0023686898787398003,0.0027773250808226,0.0022158538779608002,0.0008473013376520002,0.0005051632025748,0.0,0.000139429334044,0.0007808042706464001,0.0,0.0021096730774196,0.0,0.0031194632158998,0.0,0.0,0.0,0.0,0.001375524007011,0.0,0.0057873898961648,0.004392024022386001,0.0038241176194914006,0.0,0.0009137984046575999,0.0063987338992808,0.0023922856121934,0.2884483779408,0.0,0.0035050389511984,0.0,0.0037211544189666,0.0,4.66552002378e-05,0.0004649432023698,0.0007475557371436,0.0049438424251986,0.0012988378732868,0.0022158538779608002,0.0012226880062320001,0.0034417594842092005,0.0008837674711712001,0.0008371122709334001,0.0023922856121934,0.0,0.0002327397345196,0.0037742448192372,0.0,0.0012956202732704,0.0029237258815688,0.0021659810777066003,0.0,0.0,0.0,0.0,0.0,0.0,0.0,0.0,0.0,0.0,0.02865396852757919,0.01704253656759301,0.05651496201580177,-0.4835548945190032,-0.20538868000605429
111600,0.0,0.0,0.0,0.1162121417688,0.0,0.0,0.0,0.0,0.0,0.0128228616026126,0.0089918671517136,0.009138356278734761,0.0036885557144867203,0.015621006448247203,0.00958187405040712,0.0013508052680614802,0.0035170891787108002,0.00794619130952108,0.01188992163236724,0.0,0.0028102960174612402,0.0,0.0030782968627488002,0.0011921649692136801,0.0,0.0028859033088270004,0.00039761334477172,0.0006649391249578,0.00041854036291760007,0.0018652048753892401,0.0005771806617654001,0.0018274012297063603,0.00975334058618304,0.0029817625532371603,0.0034961621605649204,0.0027893689993153605,0.0010666028603384002,0.0006359113255941601,0.0,0.00017551692638480003,0.0009828947877548802,0.0,0.0026557061092223203,0.0,0.00392685369530916,0.0,0.0,0.0,0.0,0.0017315419852962002,0.0,0.007285302575172161,0.005528783181121201,0.004813889238653881,0.0,0.00115031093292192,0.008054876790859361,0.0030114654177022804,0.2910350759932,0.0,0.00441222550327328,0.0,0.0046842767391697205,0.0,5.873066382876e-05,0.00058528144298316,0.0009410407514631201,0.006223425170544121,0.00163500767578456,0.0027893689993153605,0.0015391484313744001,0.004332567821298641,0.0011125072872390403,0.0010537766234102802,0.0030114654177022804,0.0,0.00029297825404232,0.004751108184216241,0.0,0.00163095728517568,0.0036804549332689605,0.0027265879448777203,0.0,0.0,0.0,0.0,0.0,0.0,0.0,0.0,0.0,0.0,0.013663062493919461,0.00821773335527443,0.05475520028887829,-0.4823855735228418,-0.20726490902445066
115200,0.0,0.0,0.0,0.114508706466,0.0,0.0,0.0,0.0,0.0,0.0115046234939328,0.0080674695940608,0.00819889909120128,0.0033093583980441602,0.014015108589081601,0.008596821577935359,0.00121193743676544,0.0031555192631424,0.00712929313751424,0.010667593240254718,0.0,0.00252138708108672,0.0,0.0027618364376064,0.00106960595368704,0.0,0.002589221660256,0.00035673720652415995,0.0005965808971584,0.00037551284897280004,0.00167345484147072,0.0005178443320512001,0.0016395375518860802,0.00875066071283712,0.0026752262159884803,0.00313674362069376,0.0025026114386380804,0.0009569520989952001,0.0005705372640844801,0.0,0.0001574731302144,0.0008818495292006401,0.0,0.00238268959332096,0.0,0.00352315845560448,0.0,0.0,0.0,0.0,0.0015535329961536,0.0,0.0065363462356684806,0.0049604036017536005,0.00431900342907264,0.0,0.0010320546687897598,0.00722680534507008,0.0027018755149478403,0.2929277818852,0.0,0.00395863222723584,0.0,0.00420271557906816,0.0,5.269293203328e-05,0.00052511232267648,0.00084429824430336,0.00558363379787136,0.00146692277453568,0.0025026114386380804,0.0013809182188032,0.0038871636527539207,0.00099813737920512,0.0009454444471718401,0.0027018755149478403,0.0,0.00026285899428096,0.00426267650172672,0.0,0.00146328877922304,0.00330209040741888,0.00244628451129216,0.0,0.0,0.0,0.0,0.0,0.0,0.0,0.0,0.0,0.0,0.020493768781158238,0.010847997059342536,0.06267381193170288,-0.4802993355719948,-0.20576635475826074
118800,0.0,0.0,0.0,0.11513960843000001,0.0,0.0,0.0,0.0,0.0,0.013182381086798001,0.009243975576528,0.009394571875334802,0.0037919731644256004,0.016058978591656003,0.0098505247247176,0.0013886783129604002,0.0036156991556840004,0.008168981720068401,0.0122232839211252,0.0,0.0028890893637452003,0.11772630648240001,0.0031646042514240002,0.0012255901552664001,0.0,0.0029668164857100006,0.0004087613824756,0.0006835822779940001,0.00043027513944800006,0.0019175003391852,0.0005933632971420001,0.0018786367782028003,0.010026798733459201,0.0030653633724868007,0.0035941853987116004,0.0028675756067728007,0.0010965076134320003,0.0006537406150968001,0.0,0.00018043796170400003,0.0010104525855424002,0.0,0.0027301651590136006,0.0,0.004036952397046801,0.0,0.0,0.0,0.0,0.0017800898914260002,0.0,0.007489563395036801,0.005683795793676001,0.004948858095812401,0.0,0.0011825626413216,0.008280714457892802,0.0030958990275444004,0.2929277818852,0.0,0.004535932760374401,0.0,0.004815611601015601,0.0,6.03773179548e-05,0.0006016912030668,0.0009674250715976001,0.006397913726727601,0.0016808490124888,0.0028675756067728007,0.0015823021257120001,0.004454041685447201,0.0011436990803392003,0.0010833217623844001,0.0030958990275444004,0.0,0.00030119259761360003,0.0048843168248952,0.0,0.0016766850595264001,0.0037836452585008006,0.0028030343358556005,0.0,0.0,0.0,0.0,0.0,0.0,0.0,0.0,0.0,0.0,-0.0010276090931593833,0.00473941568195386,-0.0479911518034323,-0.4856915954994655,-0.2073592004871812
122400,0.0,0.0,0.0,0.1170954045184,0.0,0.0,0.0,0.0,0.0,0.012942701430674402,0.0090759032933184,0.009223761477601441,0.0037230281977996805,0.015766997162716803,0.00967142427517728,0.0013634296163611201,0.0035499591710352004,0.00802045477970352,0.01200104239528656,0.0,0.0028365604662225602,0.1158336005904,0.0031070659923072004,0.0012033066978979201,0.0,0.0029128743677880003,0.00040132935733968,0.0006711535093032,0.00042245195509440006,0.00188263669665456,0.0005825748735576002,0.0018444797458718404,0.00984449330194176,0.0030096294929870407,0.0035288365732804804,0.0028154378684678407,0.0010765711113696003,0.0006418544220950401,0.0,0.00017715727149120002,0.0009920807203507203,0.0,0.0026805257924860802,0.0,0.00396355326255504,0.0,0.0,0.0,0.0,0.0017477246206728002,0.0,0.007353389515127041,0.0055804540519728005,0.004858878857706721,0.0,0.00116106150238848,0.00813015601320384,0.0030396099543163204,0.28971018186880004,0.0,0.00445346125564032,0.0,0.00472805502645168,0.0,5.9279548537440005e-05,0.0005907513630110401,0.0009498355248412801,0.006281588022605281,0.0016502881213526401,0.0028154378684678407,0.0015535329961536002,0.004373059109348161,0.0011229045516057603,0.00106362500306832,0.0030396099543163204,0.0,0.00029571636856608,0.00479551106444256,0.0,0.0016461998766259202,0.0037148517083462405,0.0027520700752036806,0.0,0.0,0.0,0.0,0.0,0.0,0.0,0.0,0.0,0.0,-0.0019686833805599175,0.004483287061272281,-0.03892293469421384,-0.48661635034384065,-0.20730483285296622
126000,0.0,0.022712470704000003,0.0,0.1136254437164,0.0,0.0,0.0,0.0,0.0,0.014260939539354199,0.010000300850971198,0.010163218665134921,0.00410222551424224,0.0173728950218824,0.01065647674764904,0.0015022974476571601,0.0039115290866036,0.00883735295171036,0.013223370787399078,0.0,0.00312546940259708,0.1146979770552,0.0034235264174496,0.0013258657134245602,0.0,0.0032095560163590002,0.00044220549558723996,0.0007395117371026,0.00046547946903920004,0.00207438673057308,0.0006419112032718,0.0020323434236921203,0.01084717317528768,0.0033161658302357203,0.00388825511315164,0.0031021954291451203,0.0011862218727128001,0.00070722848360472,0.0,0.0001952010676616,0.00109312597890496,0.0,0.00295354230838744,0.0,0.00436724850225972,0.0,0.0,0.0,0.0,0.0019257336098154,0.0,0.00810234585463072,0.0061488336313404,0.005353764667287961,0.0,0.0012793177665206398,0.00895822745899312,0.00334919985707076,0.2910350759932,0.0,0.00490705453167776,0.0,0.00520961618655324,0.0,6.531728033292e-05,0.00065092048331772,0.00104657803200104,0.0069213793952780395,0.00181837302260152,0.0031021954291451203,0.0017117632087248,0.004818463277892881,0.00123727445963968,0.00117195717930676,0.00334919985707076,0.0,0.00032583562832744,0.00528394274693208,0.0,0.00181386838257856,0.00409321623419632,0.00303237350878924,0.0,0.0,0.0,0.0,0.0,0.0,0.0,0.0,0.0,0.0,-0.012413405327512837,-0.0011148583428415384,-0.06024373467382828,-0.48846036220041983,-0.20868257859727432
129600,0.0,0.022712470704000003,0.0,0.11476106725160001,0.0,0.0,0.0,0.0,0.0,0.0139014200551688,0.009748192426156798,0.00990700306853488,0.00399880806430336,0.0169349228784736,0.010387826073338558,0.00146442440275824,0.0038129191096304,0.008614562541163039,0.01289000849864112,0.0,0.00304667605631312,0.1146979770552,0.0033372190287744,0.00129244052737184,0.0,0.003128642839476,0.00043105745788335996,0.0007208685840663999,0.0004537446925088,0.0020220912667771197,0.0006257285678952,0.00198110787519568,0.01057371502801152,0.0032325650109860803,0.00379023187500496,0.00302398882168768,0.0011563171196192002,0.00068939919410208,0.0,0.0001902800323424,0.00106556818111744,0.0,0.00287908325859616,0.0,0.00425714980052208,0.0,0.0,0.0,0.0,0.0018771857036856,0.0,0.00789808503476608,0.0059938210187856006,0.00521879581012944,0.0,0.0012470660581209599,0.00873238979195968,0.00326476624722864,0.2858616798884,0.0,0.0047833472745766395,0.0,0.00507828132470736,0.0,6.367062620688e-05,0.00063451072323408,0.00102019371186656,0.00674689083909456,0.0017725316858972799,0.00302398882168768,0.0016686095143872,0.00469698941374432,0.00120608266653952,0.00114241204033264,0.00326476624722864,0.0,0.00031762128475616,0.00515073410625312,0.0,0.00176814060822784,0.0039900259089644795,0.00295592711781136,0.0,0.0,0.0,0.0,0.0,0.0,0.0,0.0,0.0,0.0,-0.008860129208761811,5.270576673783772e-05,-0.05382319514556791,-0.48982262344065997,-0.20865474878756096
133200,0.0,0.022712470704000003,0.0,0.1093353103612,0.0,0.0,0.0,0.0,0.0,0.012942701430674402,0.0090759032933184,0.009223761477601441,0.0037230281977996805,0.015766997162716803,0.00967142427517728,0.0013634296163611201,0.0035499591710352004,0.00802045477970352,0.01200104239528656,0.0,0.0028365604662225602,0.11495033784080001,0.0031070659923072004,0.0012033066978979201,0.0,0.0029128743677880003,0.00040132935733968,0.0006711535093032,0.00042245195509440006,0.00188263669665456,0.0005825748735576002,0.0018444797458718404,0.00984449330194176,0.0030096294929870407,0.0035288365732804804,0.0028154378684678407,0.0010765711113696003,0.0006418544220950401,0.0,0.00017715727149120002,0.0009920807203507203,0.0,0.0026805257924860802,0.0,0.00396355326255504,0.0,0.0,0.0,0.0,0.0017477246206728002,0.0,0.007353389515127041,0.0055804540519728005,0.004858878857706721,0.0,0.00116106150238848,0.00813015601320384,0.0030396099543163204,0.2852307779244,0.0,0.00445346125564032,0.0,0.00472805502645168,0.0,5.9279548537440005e-05,0.0005907513630110401,0.0009498355248412801,0.006281588022605281,0.0016502881213526401,0.0028154378684678407,0.0015535329961536002,0.004373059109348161,0.0011229045516057603,0.00106362500306832,0.0030396099543163204,0.0,0.00029571636856608,0.00479551106444256,0.0,0.0016461998766259202,0.0037148517083462405,0.0027520700752036806,0.0,0.0,0.0,0.0,0.0,0.0,0.0,0.0,0.0,0.0,0.00025146603267771,0.0021538555233967973,-0.043336971841650855,-0.49089760261092663,-0.20808997116660533
136800,0.0,0.022712470704000003,0.0,0.1049820868096,0.0,0.0,0.0,0.0,0.0,0.0115046234939328,0.0080674695940608,0.00819889909120128,0.0033093583980441602,0.014015108589081601,0.008596821577935359,0.00121193743676544,0.0031555192631424,0.00712929313751424,0.010667593240254718,0.0,0.00252138708108672,0.11495033784080001,0.0027618364376064,0.00106960595368704,0.0,0.002589221660256,0.00035673720652415995,0.0005965808971584,0.00037551284897280004,0.00167345484147072,0.0005178443320512001,0.0016395375518860802,0.00875066071283712,0.0026752262159884803,0.00313674362069376,0.0025026114386380804,0.0009569520989952001,0.0005705372640844801,0.0,0.0001574731302144,0.0008818495292006401,0.0,0.00238268959332096,0.0,0.00352315845560448,0.0,0.0,0.0,0.0,0.0015535329961536,0.0,0.0065363462356684806,0.0049604036017536005,0.00431900342907264,0.0,0.0010320546687897598,0.00722680534507008,0.0027018755149478403,0.2806882837836,0.0,0.00395863222723584,0.0,0.00420271557906816,0.0,5.269293203328e-05,0.00052511232267648,0.00084429824430336,0.00558363379787136,0.00146692277453568,0.0025026114386380804,0.0013809182188032,0.0038871636527539207,0.00099813737920512,0.0009454444471718401,0.0027018755149478403,0.0,0.00026285899428096,0.00426267650172672,0.0,0.00146328877922304,0.00330209040741888,0.00244628451129216,0.0,0.0,0.0,0.0,0.0,0.0,0.0,0.0,0.0,0.0,0.010306472064376487,0.006124580325724669,-0.025747682881535117,-0.4916285961899872,-0.20700157666343064
140400,0.0,0.022712470704000003,0.0,0.102206118168,0.0,0.0,0.0,0.0,0.0,0.0099467057291294,0.0069749997531983994,0.007088631505934441,0.00286121611497568,0.012117229300976801,0.007432668655923279,0.00104782090887012,0.0027282093629252,0.0061638680251425194,0.00922302332230356,0.0,0.00217994924718956,0.11463488685880001,0.0023878377533472,0.00092476348079192,0.0,0.002238597893763,0.00030842904314068,0.0005157939006681999,0.0003246621506744,0.00144684116502156,0.0004477195787526,0.00141751684173484,0.00756567540797376,0.0023129559992400403,0.00271197625539148,0.0021637161396558403,0.0008273648355896001,0.00049327700957304,0.0,0.0001361486438312,0.0007624324054547201,0.0,0.00206003371089208,0.0,0.00304606408140804,0.0,0.0,0.0,0.0,0.0013431587362578,0.0,0.00565121601625504,0.0042886822806828,0.0037341383813857204,0.0,0.0008922972657244799,0.00624817545459184,0.00233599653896532,0.2800573818196,0.0,0.00342256744646432,0.0,0.0036335978444026803,0.0,4.5557430820439996e-05,0.00045400336231404,0.00072996619038728,0.00482751672107628,0.00126827698215064,0.0021637161396558403,0.0011939188766736,0.0033607769081101606,0.00086297294243776,0.00081741551161732,0.00233599653896532,0.0,0.00022726350547207997,0.00368543905878456,0.0,0.00126513509036992,0.00285493233141424,0.00211501681705468,0.0,0.0,0.0,0.0,0.0,0.0,0.0,0.0,0.0,0.0,-0.051139354667279334,-0.0019208511349567135,-0.12682019267426078,-0.49934432166941045,0.0
144000,0.0,0.0,0.0,0.1017644867932,0.0,0.0,0.0,0.0,0.0,0.0094673464168822,0.0066388551867792,0.0067470107104677214,0.0027233261817238403,0.011533266443098402,0.00707446775684264,0.0009973235156715602,0.0025967293936276,0.00586681414441276,0.00877854027062628,0.0,0.00207489145214428,0.1150765182336,0.0022727612351136003,0.0008801965660549601,0.0,0.0021307136579190003,0.00029356499286884,0.0004909363632866,0.0003090157819672,0.0013771138799602801,0.00042614273158380006,0.0013492027770729202,0.0072010645449388806,0.0022014882402405203,0.0025812786045292403,0.0020594406630459203,0.0007874918314648002,0.00046950462356952006,0.0,0.0001295872634056,0.0007256886750713601,0.0,0.0019607549778370404,0.0,0.0028992658124245203,0.0,0.0,0.0,0.0,0.0012784281947514002,0.0,0.005378868256435521,0.0040819987972764,0.0035541799051743606,0.0,0.00084929498785824,0.005947058565213921,0.00222341839250916,0.2806882837836,0.0,0.0032576244369961604,0.0,0.0034584846952748403,0.0,4.336189198572e-05,0.00043212368220252003,0.00069478709687464,0.00459486531283164,0.00120715519987832,0.0020594406630459203,0.0011363806175568002,0.003198811755912081,0.0008213838849708802,0.0007780219929851601,0.00222341839250916,0.0,0.00021631104737704,0.0035078275378792804,0.0,0.0012041647245689601,0.00271734523110512,0.00201308829575084,0.0,0.0,0.0,0.0,0.0,0.0,0.0,0.0,0.0,0.0,-0.04063877944399432,-0.002451979708986752,-0.10544453192511899,-0.5009156259858552,0.0
147600,0.0,0.0,0.0,0.102206118168,0.0,0.0,0.0,0.0,0.0,0.0088681472765732,0.006218674478755199,0.006319984716134321,0.00255096376515904,0.010803312870750401,0.00662671663299184,0.00093420177417336,0.0024323794320056,0.005495496793500559,0.00822293645602968,0.0,0.00194356920833768,0.1145717966624,0.0021289155873216,0.00082448792263376,0.0,0.001995858363114,0.00027498493002904,0.0004598644415596,0.00028945782108320004,0.00128995477363368,0.00039917167262280004,0.00126381019624552,0.00674530096614528,0.0020621535414911203,0.00241790654095144,0.0019290963172835201,0.0007376505763088001,0.00043978914106512003,0.0,0.0001213855378736,0.0006797590120921601,0.0,0.0018366565615182402,0.0,0.00271576797619512,0.0,0.0,0.0,0.0,0.0011975150178684,0.0,0.00503843355666112,0.0038236444430184004,0.0033292318099101604,0.0,0.0007955421405254399,0.00557066245349152,0.00208269570943896,0.281382275944,0.0,0.00305144567516096,0.0,0.0032395932588650403,0.0,4.061746844232e-05,0.00040477408206312,0.00065081322998384,0.00430405105252584,0.00113075297203792,0.0019290963172835201,0.0010644577936608,0.0029963553156644807,0.0007693975631372801,0.00072878009469496,0.00208269570943896,0.0,0.00020262047475824,0.00328581313674768,0.0,0.00112795176731776,0.00254536135571872,0.0018856776441210402,0.0,0.0,0.0,0.0,0.0,0.0,0.0,0.0,0.0,0.0,-0.034158938885682444,-0.0033104219276721605,-0.09974053602379811,-0.5032566292633622,0.0
151200,0.0,0.0,0.0,0.1019537573824,0.0,0.0,0.0,0.0,0.0,0.0076697489959552,0.0053783130627072,0.005465932727467521,0.0022062389320294403,0.009343405726054401,0.00573121438529024,0.00080795829117696,0.0021036795087616,0.00475286209167616,0.00711172882683648,0.0,0.0016809247207244802,0.1156443300012,0.0018412242917376,0.0007130706357913601,0.0,0.0017261477735040001,0.00023782480434944,0.0003977205981056,0.0002503418993152,0.00111563656098048,0.00034522955470080006,0.0010930250345907201,0.00583377380855808,0.0017834841439923201,0.00209116241379584,0.0016684076257587202,0.0006379680659968001,0.00038035817605632004,0.0,0.0001049820868096,0.0005878996861337601,0.0,0.0015884597288806403,0.0,0.0023487723037363202,0.0,0.0,0.0,0.0,0.0010356886641024001,0.0,0.00435756415711232,0.0033069357345024003,0.0028793356193817605,0.0,0.00068803644585984,0.0048178702300467205,0.0018012503432985603,0.2800573818196,0.0,0.00263908815149056,0.0,0.00280181038604544,0.0,3.512862135552e-05,0.00035007488178432,0.0005628654962022401,0.00372242253191424,0.00097794851635712,0.0016684076257587202,0.0009206121458688,0.0025914424351692806,0.0006654249194700801,0.0006302962981145601,0.0018012503432985603,0.0,0.00017523932952064,0.00284178433448448,0.0,0.00097552585281536,0.00220139360494592,0.0016308563408614402,0.0,0.0,0.0,0.0,0.0,0.0,0.0,0.0,0.0,0.0,-0.024976839693271073,-0.0004626163703490286,-0.09011462153902194,-0.5051771410717925,0.0
154800,0.0,0.0,0.0,0.10390955347080001,0.0,0.0,0.0,0.0,0.0,0.0076697489959552,0.0053783130627072,0.005465932727467521,0.0022062389320294403,0.009343405726054401,0.00573121438529024,0.00080795829117696,0.0021036795087616,0.00475286209167616,0.00711172882683648,0.0,0.0016809247207244802,0.11463488685880001,0.0018412242917376,0.0007130706357913601,0.0,0.0017261477735040001,0.00023782480434944,0.0003977205981056,0.0002503418993152,0.00111563656098048,0.00034522955470080006,0.0010930250345907201,0.00583377380855808,0.0017834841439923201,0.00209116241379584,0.0016684076257587202,0.0006379680659968001,0.00038035817605632004,0.0,0.0001049820868096,0.0005878996861337601,0.0,0.0015884597288806403,0.0,0.0023487723037363202,0.0,0.0,0.0,0.0,0.0010356886641024001,0.0,0.00435756415711232,0.0033069357345024003,0.0028793356193817605,0.0,0.00068803644585984,0.0048178702300467205,0.0018012503432985603,0.27879557789160003,0.0,0.00263908815149056,0.0,0.00280181038604544,0.0,3.512862135552e-05,0.00035007488178432,0.0005628654962022401,0.00372242253191424,0.00097794851635712,0.0016684076257587202,0.0009206121458688,0.0025914424351692806,0.0006654249194700801,0.0006302962981145601,0.0018012503432985603,0.0,0.00017523932952064,0.00284178433448448,0.0,0.00097552585281536,0.00220139360494592,0.0016308563408614402,0.0,0.0,0.0,0.0,0.0,0.0,0.0,0.0,0.0,0.0,-0.023081134564329763,-0.0032355822227658837,-0.08678070198420447,-0.5073183489211345,0.0
158400,0.0,0.0,0.0,0.10264774954280001,0.0,0.0,0.0,0.0,0.0,0.010186385385253,0.007143072036407999,0.0072594419036678005,0.0029301610816016,0.012409210729916001,0.0076117691054636,0.0010730696054694,0.002793949347574,0.0063123949655073995,0.009445264848142199,0.0,0.0022324781447122,0.115455059412,0.0024453760124640003,0.0009470469381604001,0.0,0.0022925400116850002,0.0003158610682766,0.0005282226693589999,0.000332485335028,0.0014817048075522,0.00045850800233700005,0.0014516738740658,0.0077479808394912,0.0023686898787398003,0.0027773250808226,0.0022158538779608002,0.0008473013376520002,0.0005051632025748,0.0,0.000139429334044,0.0007808042706464001,0.0,0.0021096730774196,0.0,0.0031194632158998,0.0,0.0,0.0,0.0,0.001375524007011,0.0,0.0057873898961648,0.004392024022386001,0.0038241176194914006,0.0,0.0009137984046575999,0.0063987338992808,0.0023922856121934,0.2755779778752,0.0,0.0035050389511984,0.0,0.0037211544189666,0.0,4.66552002378e-05,0.0004649432023698,0.0007475557371436,0.0049438424251986,0.0012988378732868,0.0022158538779608002,0.0012226880062320001,0.0034417594842092005,0.0008837674711712001,0.0008371122709334001,0.0023922856121934,0.0,0.0002327397345196,0.0037742448192372,0.0,0.0012956202732704,0.0029237258815688,0.0021659810777066003,0.0,0.0,0.0,0.0,0.0,0.0,0.0,0.0,0.0,0.0,-0.0323202523155994,-0.013299493274574126,-0.10070479745253859,-0.5108162235537714,0.0
162000,0.0,0.0,0.0,0.10264774954280001,0.0,0.0,0.0,0.0,0.0,0.0115046234939328,0.0080674695940608,0.00819889909120128,0.0033093583980441602,0.014015108589081601,0.008596821577935359,0.00121193743676544,0.0031555192631424,0.00712929313751424,0.010667593240254718,0.0,0.00252138708108672,0.11444561626960001,0.0027618364376064,0.00106960595368704,0.0,0.002589221660256,0.00035673720652415995,0.0005965808971584,0.00037551284897280004,0.00167345484147072,0.0005178443320512001,0.0016395375518860802,0.00875066071283712,0.0026752262159884803,0.00313674362069376,0.0025026114386380804,0.0009569520989952001,0.0005705372640844801,0.0,0.0001574731302144,0.0008818495292006401,0.0,0.00238268959332096,0.0,0.00352315845560448,0.0,0.0,0.0,0.0,0.0015535329961536,0.0,0.0065363462356684806,0.0049604036017536005,0.00431900342907264,0.0,0.0010320546687897598,0.00722680534507008,0.0027018755149478403,0.2775337739636,0.0,0.00395863222723584,0.0,0.00420271557906816,0.0,5.269293203328e-05,0.00052511232267648,0.00084429824430336,0.00558363379787136,0.00146692277453568,0.0025026114386380804,0.0013809182188032,0.0038871636527539207,0.00099813737920512,0.0009454444471718401,0.0027018755149478403,0.0,0.00026285899428096,0.00426267650172672,0.0,0.00146328877922304,0.00330209040741888,0.00244628451129216,0.0,0.0,0.0,0.0,0.0,0.0,0.0,0.0,0.0,0.0,-0.03825233663119688,-0.017335280233577145,-0.10937562837412118,-0.5142775187439567,0.0
165600,0.0,0.022712470704000003,0.0,0.10542371818440001,0.0,0.0,0.0,0.0,0.0,0.014860138679663201,0.0104204815589952,0.01059024465946832,0.00427458793080704,0.018102848594230402,0.011104227871499839,0.0015654191891553602,0.0040758790482256,0.00920867030262256,0.01377897460199568,0.0,0.0032567916464036803,0.11608596137600001,0.0035673720652416004,0.0013815743568457602,0.0,0.003344411311164,0.00046078555842704,0.0007705836588296,0.0004850374299232,0.0021615458368996797,0.0006688822622328,0.00211773600451952,0.011302936754081281,0.0034555005289851203,0.0040516271767294405,0.0032325397749075205,0.0012360631278688003,0.00073694396610912,0.0,0.0002034027931936,0.0011390556418841601,0.0,0.0030776407247062403,0.0,0.00455074633848912,0.0,0.0,0.0,0.0,0.0020066467866984,0.0,0.008442780554405121,0.006407187985598401,0.005578712762552161,0.0,0.0013330706138534399,0.00933462357071552,0.0034899225401409605,0.282013177908,0.0,0.0051132332935129605,0.0,0.0054285076229630405,0.0,6.806170387632e-05,0.00067827008345712,0.00109055189889184,0.00721219365558384,0.00189477525044192,0.0032325397749075205,0.0017836860326208002,0.005020919718140481,0.0012892607814732802,0.00122119907759696,0.0034899225401409605,0.0,0.00033952620094624,0.00550595714806368,0.0,0.00189008133982976,0.00426520010958272,0.00315978416041904,0.0,0.0,0.0,0.0,0.0,0.0,0.0,0.0,0.0,0.0,-0.023566267032745093,-0.017852943842113736,0.10926665464402682,-0.832542036542085,0.0
169200,0.0,0.022712470704000003,0.0,0.10523444759520001,0.0,0.0,0.0,0.0,0.0,0.0200132512863206,0.014034035648001599,0.014262668210735562,0.00575690471326432,0.024380449316423202,0.014954887536616718,0.00210826616603988,0.0054892887181748,0.012401999520467478,0.01855716740752644,0.0,0.00438616294314044,0.1172846751076,0.0048044446362528,0.0018606686902680801,0.0,0.004504166846487,0.0006205740988493199,0.0010378021856818,0.0006532358935256,0.00291111415130844,0.0009008333692974,0.0028521121996351604,0.01522250353170624,0.004653778938229961,0.00545662692349852,0.00435350114846416,0.0016646979222104002,0.00099249711564696,0.0,0.0002739376327688,0.00153405074350528,0.0,0.00414488710504792,0.0,0.0061288277300619596,0.0,0.0,0.0,0.0,0.0027025001078922,0.0,0.01137051897246496,0.0086290354322172,0.007513266381824281,0.0,0.0017953451009155197,0.01257163013152816,0.00470013761454468,0.282644079872,0.0,0.00688637064529568,0.0,0.0073109739760873205,0.0,9.166374634956e-05,0.00091347664465596,0.00146872715415272,0.00971319629421372,0.00255183440986936,0.00435350114846416,0.0024022223181264,0.006762045104269841,0.00173634314924224,0.00164467940289268,0.00470013761454468,0.0,0.00045726512546791996,0.00741528099779544,0.0,0.00254551277219008,0.00574426143790576,0.00425551576443532,0.0,0.0,0.0,0.0,0.0,0.0,0.0,0.0,0.0,0.0,-0.04465516958237963,-0.02938272607396531,0.05846688946241234,-0.8334554508613702,0.0
172800,0.0,0.039115921768,0.0,0.1032786515068,0.0,0.0,0.0,0.0,0.0,0.0160585369602812,0.011260842975043199,0.011444296648135122,0.00461931276393664,0.019562755738926404,0.01199973011920144,0.0016916626721517603,0.0044045789714696,0.00995130500444696,0.01489018223118888,0.0,0.0035194361340168804,0.0,0.0038550633608256005,0.0014929916436881602,0.0,0.0036141219007740006,0.00049794568410664,0.0008327275022836,0.0005241533516912001,0.00233586404955288,0.0007228243801548002,0.0022885211661743204,0.012214463911668482,0.0037341699264839207,0.00437837130388504,0.003493228466432321,0.0013357456381808003,0.00079637493111792,0.0,0.00021980624425760003,0.0012309149678425603,0.0,0.0033258375573438407,0.0,0.004917742010947921,0.0,0.0,0.0,0.0,0.0021684731404644003,0.0,0.00912364995395392,0.006923896694114401,0.006028608953080561,0.0,0.00144057630851904,0.010087415794160321,0.0037713679062813606,0.2800573818196,0.0,0.00552559081718336,0.0,0.00586629049578264,0.0,7.355055096312e-05,0.00073296928373592,0.00117849963267344,0.007793822176195441,0.00204757970612272,0.003493228466432321,0.0019275316804128002,0.005425832598635681,0.0013932334251404803,0.0013196828741773602,0.0037713679062813606,0.0,0.00036690734618384003,0.00594998595032688,0.0,0.00204250725433216,0.00460916786035552,0.0034146054636786404,0.0,0.0,0.0,0.0,0.0,0.0,0.0,0.0,0.0,0.0,0.016272140036147825,-0.009235667181593648,0.13876986641341146,-0.8259481448177629,0.0
176400,0.0,0.039115921768,0.0,0.10763187505840001,0.0,0.0,0.0,0.0,0.0,0.0232489266439892,0.0163030114713312,0.01656860858013592,0.00668766176271424,0.028322198607102403,0.01737274360541104,0.00244912357013016,0.0063767785109336,0.014407113215393359,0.02155742800634808,0.0,0.00509530305969608,0.0,0.0055812111343296,0.00216149536474256,0.0,0.005232385438434,0.00072090643818424,0.0012055905630076,0.0007588488822992001,0.0033817733254720797,0.0010464770876868002,0.0033132321361031202,0.01768362685719168,0.005406186311476721,0.0063388360668186405,0.00505736061558112,0.0019338407000528003,0.0011529607211707201,0.0,0.0003182269506416,0.00178207092359296,0.0,0.00481501855316944,0.0,0.00711971604570072,0.0,0.0,0.0,0.0,0.0031394312630604,0.0,0.01320886635124672,0.010024148945210401,0.00872798609625096,0.0,0.0020856104765126396,0.01460416913482912,0.005460040103123761,0.2858616798884,0.0,0.00799973595920576,0.0,0.008492987732700241,0.0,0.00010648363348392,0.00106116448540872,0.0017061860353630401,0.01128359329986504,0.00296440644020752,0.00505736061558112,0.0027906055671648,0.00785530988160688,0.00201706928714368,0.00191058565365976,0.005460040103123761,0.0,0.0005311942176094399,0.00861415876390608,0.0,0.00295706274134656,0.00667297436499232,0.00494353328323624,0.0,0.0,0.0,0.0,0.0,0.0,0.0,0.0,0.0,0.0,0.05751593813932727,-0.014185371192705623,0.18611836611178484,-0.8202057272671819,-0.21492604809070426
180000,0.0,0.039115921768,0.0,0.1084520476116,0.0,0.0,0.0,0.0,0.0,0.0174966148970228,0.012269276674300798,0.012469159034535281,0.00503298256369216,0.021314644312561602,0.013074332816443358,0.00184315485174744,0.0047990188793624,0.01084246664663624,0.016223631386220717,0.0,0.00383460951915272,0.0,0.0042002929155264,0.00162669238789904,0.0,0.003937774608306,0.00054253783492216,0.0009073001144284,0.0005710924578128001,0.0025450459047367197,0.0007875549216612,0.00249346336016008,0.01330829650077312,0.004068573203482481,0.00477046425647176,0.0038060548962620803,0.0014553646505552002,0.0008676920891284801,0.0,0.0002394903855344,0.0013411461589926401,0.0,0.00362367375650896,0.0,0.00535813681789848,0.0,0.0,0.0,0.0,0.0023626647649836,0.0,0.00994069323341248,0.0075439471443336,0.006568484381714641,0.0,0.0015695831421177599,0.01099076646229408,0.00410910234564984,0.28459987596040004,0.0,0.00602041984558784,0.0,0.00639162994316616,0.0,8.013716746728e-05,0.00079860832407048,0.00128403691321136,0.00849177640092936,0.00223094505293968,0.0038060548962620803,0.0021001464577632,0.005911728055229921,0.0015180005975411201,0.00143786343007384,0.00410910234564984,0.0,0.00039976472046896,0.00648282051304272,0.0,0.00222541835173504,0.00502192916128288,0.00372039102759016,0.0,0.0,0.0,0.0,0.0,0.0,0.0,0.0,0.0,0.0,0.07522983899435427,0.011628358599685666,0.22316244526674914,-0.8146172576399392,-0.20833778404210382
183600,0.0,0.039115921768,0.0,0.1084520476116,0.0,0.0,0.0,0.0,0.0,0.0172569352408992,0.012101204391091198,0.01229834863680192,0.00496403759706624,0.021022662883622402,0.012895232366903039,0.0018179061551481602,0.0047332788947136,0.010693939706271359,0.01600138986038208,0.0,0.00378208062163008,0.0,0.0041427546564096005,0.00160440893053056,0.0,0.003883832490384,0.0005351058097862399,0.0008948713457376,0.0005632692734592,0.00251018226220608,0.0007767664980768001,0.0024593063278291203,0.013125991069255681,0.004012839323982721,0.00470511543104064,0.0037539171579571203,0.0014354281484928002,0.00085580589612672,0.0,0.0002362096953216,0.0013227742938009602,0.0,0.00357403438998144,0.0,0.0052847376834067195,0.0,0.0,0.0,0.0,0.0023302994942304,0.0,0.00980451935350272,0.007440605402630401,0.0064785051436089605,0.0,0.0015480820031846397,0.01084020801760512,0.00405281327242176,0.28907927990480003,0.0,0.00593794834085376,0.0,0.00630407336860224,0.0,7.903939804992e-05,0.00078766848401472,0.0012664473664550401,0.00837545069680704,0.00220038416180352,0.0037539171579571203,0.0020713773282048003,0.005830745479130881,0.00149720606880768,0.00141816667075776,0.00405281327242176,0.0,0.00039428849142143996,0.00639401475259008,0.0,0.00219493316883456,0.00495313561112832,0.0036694267669382403,0.0,0.0,0.0,0.0,0.0,0.0,0.0,0.0,0.0,0.0,0.07111796930947012,0.01297835399796967,0.22125546953643563,-0.8119846853702115,-0.20693479306834167
187200,0.0,0.039115921768,0.0,0.11299454175240001,0.0,0.0,0.0,0.0,0.0,0.0091078269326968,0.0063867467619648,0.006490795113867681,0.00261990873178496,0.011095294299689602,0.0068058170825321595,0.0009594504707726401,0.0024981194166544003,0.00564402373386544,0.00844517798186832,0.0,0.00199609810586032,0.0,0.0021864538464384,0.0008467713800022401,0.0,0.002049800481036,0.00028241695516496,0.0004722932102504,0.00029728100543680003,0.00132481841616432,0.00040996009620720004,0.0012979672285764801,0.006927606397662721,0.0021178874209908803,0.0024832553663825603,0.00198123405558848,0.0007575870783712002,0.00045167533406688,0.0,0.0001246662280864,0.0006981308772838401,0.0,0.00188629592804576,0.0,0.00278916711068688,0.0,0.0,0.0,0.0,0.0012298802886216,0.0,0.0051746074365708805,0.0039269861847216,0.0034192110480158406,0.0,0.00081704327945856,0.0057212208981804805,0.00213898478266704,0.2858616798884,0.0,0.0031339171798950402,0.0,0.00332714983342896,0.0,4.171523785968e-05,0.00041571392211888,0.00066840277674016,0.00442037675664816,0.00116131386317408,0.00198123405558848,0.0010932269232192,0.0030773378917635205,0.0007901920918707201,0.00074847685401104,0.00213898478266704,0.0,0.00020809670380576,0.0033746188972003203,0.0,0.00115843695021824,0.00261415490587328,0.0019366419047729601,0.0,0.0,0.0,0.0,0.0,0.0,0.0,0.0,0.0,0.0,0.04224536187910314,0.02424079184446625,0.03939927227419872,-0.4850117523245073,-0.20499826957915182
190800,0.0,0.022712470704000003,0.0,0.11476106725160001,0.0,0.0,0.0,0.0,0.0,0.0110252641816856,0.0077313250276416,0.00785727829573456,0.0031714684647923203,0.013431145731203202,0.00823862067885472,0.00116144004356688,0.0030240392938448,0.00683223925678448,0.01022311018857744,0.0,0.00241632928604144,0.0769069494116,0.0026467599193728004,0.00102503903895008,0.0,0.0024813374244120005,0.00034187315625232,0.0005717233597768,0.00035986648026560005,0.0016037275564094401,0.0004962674848824001,0.0015712234872241602,0.00838604984980224,0.0025637584569889603,0.0030060459698315204,0.0023983359620281604,0.0009170790948704002,0.0005467648780809601,0.0,0.00015091174978880002,0.0008451057988172802,0.0,0.00228341086026592,0.0,0.00337636018662096,0.0,0.0,0.0,0.0,0.0014888024546472,0.0,0.006263998475848961,0.0047537201183472004,0.004139044952861281,0.0,0.00098905239092352,0.00692568845569216,0.0025892973684916803,0.28907927990480003,0.0,0.0037936892177676805,0.0,0.00402760242994032,0.0,5.049739319856e-05,0.0005032326425649601,0.00080911915079072,0.00535098238962672,0.00140580099226336,0.0023983359620281604,0.0013233799596864002,0.003725198500555841,0.0009565483217382402,0.0009060509285396801,0.0025892973684916803,0.0,0.00025190653618592003,0.00408506498082144,0.0,0.00140231841342208,0.0031645033071097603,0.0023443559899883203,0.0,0.0,0.0,0.0,0.0,0.0,0.0,0.0,0.0,0.0,0.02456350454238867,0.01616143968321606,-0.026207688183661683,-0.4882143703251601,-0.20668404285368272
194400,0.0,0.022712470704000003,0.0,0.1121112790028,0.0,0.0,0.0,0.0,0.0,0.010186385385253,0.007143072036407999,0.0072594419036678005,0.0029301610816016,0.012409210729916001,0.0076117691054636,0.0010730696054694,0.002793949347574,0.0063123949655073995,0.009445264848142199,0.0,0.0022324781447122,0.0,0.0024453760124640003,0.0009470469381604001,0.0,0.0022925400116850002,0.0003158610682766,0.0005282226693589999,0.000332485335028,0.0014817048075522,0.00045850800233700005,0.0014516738740658,0.0077479808394912,0.0023686898787398003,0.0027773250808226,0.0022158538779608002,0.0008473013376520002,0.0005051632025748,0.0,0.000139429334044,0.0007808042706464001,0.0,0.0021096730774196,0.0,0.0031194632158998,0.0,0.0,0.0,0.0,0.001375524007011,0.0,0.0057873898961648,0.004392024022386001,0.0038241176194914006,0.0,0.0009137984046575999,0.0063987338992808,0.0023922856121934,0.2884483779408,0.0,0.0035050389511984,0.0,0.0037211544189666,0.0,4.66552002378e-05,0.0004649432023698,0.0007475557371436,0.0049438424251986,0.0012988378732868,0.0022158538779608002,0.0012226880062320001,0.0034417594842092005,0.0008837674711712001,0.0008371122709334001,0.0023922856121934,0.0,0.0002327397345196,0.0037742448192372,0.0,0.0012956202732704,0.0029237258815688,0.0021659810777066003,0.0,0.0,0.0,0.0,0.0,0.0,0.0,0.0,0.0,0.0,0.028700733184917396,0.01701466186801905,0.056716912884120986,-0.4837376617647608,-0.20542675358638013
198000,0.0,0.0,0.0,0.1162121417688,0.0,0.0,0.0,0.0,0.0,0.0128228616026126,0.0089918671517136,0.009138356278734761,0.0036885557144867203,0.015621006448247203,0.00958187405040712,0.0013508052680614802,0.0035170891787108002,0.00794619130952108,0.01188992163236724,0.0,0.0028102960174612402,0.0,0.0030782968627488002,0.0011921649692136801,0.0,0.0028859033088270004,0.00039761334477172,0.0006649391249578,0.00041854036291760007,0.0018652048753892401,0.0005771806617654001,0.0018274012297063603,0.00975334058618304,0.0029817625532371603,0.0034961621605649204,0.0027893689993153605,0.0010666028603384002,0.0006359113255941601,0.0,0.00017551692638480003,0.0009828947877548802,0.0,0.0026557061092223203,0.0,0.00392685369530916,0.0,0.0,0.0,0.0,0.0017315419852962002,0.0,0.007285302575172161,0.005528783181121201,0.004813889238653881,0.0,0.00115031093292192,0.008054876790859361,0.0030114654177022804,0.2910350759932,0.0,0.00441222550327328,0.0,0.0046842767391697205,0.0,5.873066382876e-05,0.00058528144298316,0.0009410407514631201,0.006223425170544121,0.00163500767578456,0.0027893689993153605,0.0015391484313744001,0.004332567821298641,0.0011125072872390403,0.0010537766234102802,0.0030114654177022804,0.0,0.00029297825404232,0.004751108184216241,0.0,0.00163095728517568,0.0036804549332689605,0.0027265879448777203,0.0,0.0,0.0,0.0,0.0,0.0,0.0,0.0,0.0,0.0,0.013718177761662622,0.00819197289567112,0.05494312121795074,-0.48256520693547644,-0.20730255134902828
201600,0.0,0.0,0.0,0.114508706466,0.0,0.0,0.0,0.0,0.0,0.0115046234939328,0.0080674695940608,0.00819889909120128,0.0033093583980441602,0.014015108589081601,0.008596821577935359,0.00121193743676544,0.0031555192631424,0.00712929313751424,0.010667593240254718,0.0,0.00252138708108672,0.0,0.0027618364376064,0.00106960595368704,0.0,0.002589221660256,0.00035673720652415995,0.0005965808971584,0.00037551284897280004,0.00167345484147072,0.0005178443320512001,0.0016395375518860802,0.00875066071283712,0.0026752262159884803,0.00313674362069376,0.0025026114386380804,0.0009569520989952001,0.0005705372640844801,0.0,0.0001574731302144,0.0008818495292006401,0.0,0.00238268959332096,0.0,0.00352315845560448,0.0,0.0,0.0,0.0,0.0015535329961536,0.0,0.0065363462356684806,0.0049604036017536005,0.00431900342907264,0.0,0.0010320546687897598,0.00722680534507008,0.0027018755149478403,0.2929277818852,0.0,0.00395863222723584,0.0,0.00420271557906816,0.0,5.269293203328e-05,0.00052511232267648,0.00084429824430336,0.00558363379787136,0.00146692277453568,0.0025026114386380804,0.0013809182188032,0.0038871636527539207,0.00099813737920512,0.0009454444471718401,0.0027018755149478403,0.0,0.00026285899428096,0.00426267650172672,0.0,0.00146328877922304,0.00330209040741888,0.00244628451129216,0.0,0.0,0.0,0.0,0.0,0.0,0.0,0.0,0.0,0.0,0.020537359341995003,0.010832493606735636,0.06285629113638433,-0.4804735102652181,-0.2058027463779486
205200,0.0,0.0,0.0,0.11513960843000001,0.0,0.0,0.0,0.0,0.0,0.013182381086798001,0.009243975576528,0.009394571875334802,0.0037919731644256004,0.016058978591656003,0.0098505247247176,0.0013886783129604002,0.0036156991556840004,0.008168981720068401,0.0122232839211252,0.0,0.0028890893637452003,0.11772630648240001,0.0031646042514240002,0.0012255901552664001,0.0,0.0029668164857100006,0.0004087613824756,0.0006835822779940001,0.00043027513944800006,0.0019175003391852,0.0005933632971420001,0.0018786367782028003,0.010026798733459201,0.0030653633724868007,0.0035941853987116004,0.0028675756067728007,0.0010965076134320003,0.0006537406150968001,0.0,0.00018043796170400003,0.0010104525855424002,0.0,0.0027301651590136006,0.0,0.004036952397046801,0.0,0.0,0.0,0.0,0.0017800898914260002,0.0,0.007489563395036801,0.005683795793676001,0.004948858095812401,0.0,0.0011825626413216,0.008280714457892802,0.0030958990275444004,0.2929277818852,0.0,0.004535932760374401,0.0,0.004815611601015601,0.0,6.03773179548e-05,0.0006016912030668,0.0009674250715976001,0.006397913726727601,0.0016808490124888,0.0028675756067728007,0.0015823021257120001,0.004454041685447201,0.0011436990803392003,0.0010833217623844001,0.0030958990275444004,0.0,0.00030119259761360003,0.0048843168248952,0.0,0.0016766850595264001,0.0037836452585008006,0.0028030343358556005,0.0,0.0,0.0,0.0,0.0,0.0,0.0,0.0,0.0,0.0,-0.0009786282955534945,0.004724093573755687,-0.04781388756891883,-0.4858659043714807,-0.20739581453908726
208800,0.0,0.0,0.0,0.1170954045184,0.0,0.0,0.0,0.0,0.0,0.012942701430674402,0.0090759032933184,0.009223761477601441,0.0037230281977996805,0.015766997162716803,0.00967142427517728,0.0013634296163611201,0.0035499591710352004,0.00802045477970352,0.01200104239528656,0.0,0.0028365604662225602,0.1158336005904,0.0031070659923072004,0.0012033066978979201,0.0,0.0029128743677880003,0.00040132935733968,0.0006711535093032,0.00042245195509440006,0.00188263669665456,0.0005825748735576002,0.0018444797458718404,0.00984449330194176,0.0030096294929870407,0.0035288365732804804,0.0028154378684678407,0.0010765711113696003,0.0006418544220950401,0.0,0.00017715727149120002,0.0009920807203507203,0.0,0.0026805257924860802,0.0,0.00396355326255504,0.0,0.0,0.0,0.0,0.0017477246206728002,0.0,0.007353389515127041,0.0055804540519728005,0.004858878857706721,0.0,0.00116106150238848,0.00813015601320384,0.0030396099543163204,0.28971018186880004,0.0,0.00445346125564032,0.0,0.00472805502645168,0.0,5.9279548537440005e-05,0.0005907513630110401,0.0009498355248412801,0.006281588022605281,0.0016502881213526401,0.0028154378684678407,0.0015535329961536002,0.004373059109348161,0.0011229045516057603,0.00106362500306832,0.0030396099543163204,0.0,0.00029571636856608,0.00479551106444256,0.0,0.0016461998766259202,0.0037148517083462405,0.0027520700752036806,0.0,0.0,0.0,0.0,0.0,0.0,0.0,0.0,0.0,0.0,-0.0019352423440820036,0.004475234704956087,-0.038742032032733686,-0.4867869034336787,-0.20734057110477006
212400,0.0,0.022712470704000003,0.0,0.1136254437164,0.0,0.0,0.0,0.0,0.0,0.014260939539354199,0.010000300850971198,0.010163218665134921,0.00410222551424224,0.0173728950218824,0.01065647674764904,0.0015022974476571601,0.0039115290866036,0.00883735295171036,0.013223370787399078,0.0,0.00312546940259708,0.1146979770552,0.0034235264174496,0.0013258657134245602,0.0,0.0032095560163590002,0.00044220549558723996,0.0007395117371026,0.00046547946903920004,0.00207438673057308,0.0006419112032718,0.0020323434236921203,0.01084717317528768,0.0033161658302357203,0.00388825511315164,0.0031021954291451203,0.0011862218727128001,0.00070722848360472,0.0,0.0001952010676616,0.00109312597890496,0.0,0.00295354230838744,0.0,0.00436724850225972,0.0,0.0,0.0,0.0,0.0019257336098154,0.0,0.00810234585463072,0.0061488336313404,0.005353764667287961,0.0,0.0012793177665206398,0.00895822745899312,0.00334919985707076,0.2910350759932,0.0,0.00490705453167776,0.0,0.00520961618655324,0.0,6.531728033292e-05,0.00065092048331772,0.00104657803200104,0.0069213793952780395,0.00181837302260152,0.0031021954291451203,0.0017117632087248,0.004818463277892881,0.00123727445963968,0.00117195717930676,0.00334919985707076,0.0,0.00032583562832744,0.00528394274693208,0.0,0.00181386838257856,0.00409321623419632,0.00303237350878924,0.0,0.0,0.0,0.0,0.0,0.0,0.0,0.0,0.0,0.0,-0.012380578671590594,-0.001116248846066295,-0.06007815931667864,-0.48862307588029397,-0.20871687642724732
216000,0.0,0.022712470704000003,0.0,0.11476106725160001,0.0,0.0,0.0,0.0,0.0,0.0139014200551688,0.009748192426156798,0.00990700306853488,0.00399880806430336,0.0169349228784736,0.010387826073338558,0.00146442440275824,0.0038129191096304,0.008614562541163039,0.01289000849864112,0.0,0.00304667605631312,0.1146979770552,0.0033372190287744,0.00129244052737184,0.0,0.003128642839476,0.00043105745788335996,0.0007208685840663999,0.0004537446925088,0.0020220912667771197,0.0006257285678952,0.00198110787519568,0.01057371502801152,0.0032325650109860803,0.00379023187500496,0.00302398882168768,0.0011563171196192002,0.00068939919410208,0.0,0.0001902800323424,0.00106556818111744,0.0,0.00287908325859616,0.0,0.00425714980052208,0.0,0.0,0.0,0.0,0.0018771857036856,0.0,0.00789808503476608,0.0059938210187856006,0.00521879581012944,0.0,0.0012470660581209599,0.00873238979195968,0.00326476624722864,0.2858616798884,0.0,0.0047833472745766395,0.0,0.00507828132470736,0.0,6.367062620688e-05,0.00063451072323408,0.00102019371186656,0.00674689083909456,0.0017725316858972799,0.00302398882168768,0.0016686095143872,0.00469698941374432,0.00120608266653952,0.00114241204033264,0.00326476624722864,0.0,0.00031762128475616,0.00515073410625312,0.0,0.00176814060822784,0.0039900259089644795,0.00295592711781136,0.0,0.0,0.0,0.0,0.0,0.0,0.0,0.0,0.0,0.0,-0.008826856304868238,5.4105906199970096e-05,-0.05366512667412298,-0.4899817380240869,-0.20868837571893462
219600,0.0,0.022712470704000003,0.0,0.1093353103612,0.0,0.0,0.0,0.0,0.0,0.012942701430674402,0.0090759032933184,0.009223761477601441,0.0037230281977996805,0.015766997162716803,0.00967142427517728,0.0013634296163611201,0.0035499591710352004,0.00802045477970352,0.01200104239528656,0.0,0.0028365604662225602,0.11495033784080001,0.0031070659923072004,0.0012033066978979201,0.0,0.0029128743677880003,0.00040132935733968,0.0006711535093032,0.00042245195509440006,0.00188263669665456,0.0005825748735576002,0.0018444797458718404,0.00984449330194176,0.0030096294929870407,0.0035288365732804804,0.0028154378684678407,0.0010765711113696003,0.0006418544220950401,0.0,0.00017715727149120002,0.0009920807203507203,0.0,0.0026805257924860802,0.0,0.00396355326255504,0.0,0.0,0.0,0.0,0.0017477246206728002,0.0,0.007353389515127041,0.0055804540519728005,0.004858878857706721,0.0,0.00116106150238848,0.00813015601320384,0.0030396099543163204,0.2852307779244,0.0,0.00445346125564032,0.0,0.00472805502645168,0.0,5.9279548537440005e-05,0.0005907513630110401,0.0009498355248412801,0.006281588022605281,0.0016502881213526401,0.0028154378684678407,0.0015535329961536002,0.004373059109348161,0.0011229045516057603,0.00106362500306832,0.0030396099543163204,0.0,0.00029571636856608,0.00479551106444256,0.0,0.0016461998766259202,0.0037148517083462405,0.0027520700752036806,0.0,0.0,0.0,0.0,0.0,0.0,0.0,0.0,0.0,0.0,0.00029113599914163454,0.002155808767153179,-0.04318895689587911,-0.4910540588820852,-0.20812315305143889
223200,0.0,0.022712470704000003,0.0,0.1049820868096,0.0,0.0,0.0,0.0,0.0,0.0115046234939328,0.0080674695940608,0.00819889909120128,0.0033093583980441602,0.014015108589081601,0.008596821577935359,0.00121193743676544,0.0031555192631424,0.00712929313751424,0.010667593240254718,0.0,0.00252138708108672,0.11495033784080001,0.0027618364376064,0.00106960595368704,0.0,0.002589221660256,0.00035673720652415995,0.0005965808971584,0.00037551284897280004,0.00167345484147072,0.0005178443320512001,0.0016395375518860802,0.00875066071283712,0.0026752262159884803,0.00313674362069376,0.0025026114386380804,0.0009569520989952001,0.0005705372640844801,0.0,0.0001574731302144,0.0008818495292006401,0.0,0.00238268959332096,0.0,0.00352315845560448,0.0,0.0,0.0,0.0,0.0015535329961536,0.0,0.0065363462356684806,0.0049604036017536005,0.00431900342907264,0.0,0.0010320546687897598,0.00722680534507008,0.0027018755149478403,0.2806882837836,0.0,0.00395863222723584,0.0,0.00420271557906816,0.0,5.269293203328e-05,0.00052511232267648,0.00084429824430336,0.00558363379787136,0.00146692277453568,0.0025026114386380804,0.0013809182188032,0.0038871636527539207,0.00099813737920512,0.0009454444471718401,0.0027018755149478403,0.0,0.00026285899428096,0.00426267650172672,0.0,0.00146328877922304,0.00330209040741888,0.00244628451129216,0.0,0.0,0.0,0.0,0.0,0.0,0.0,0.0,0.0,0.0,0.010323636436948709,0.006129941266636567,-0.025583099925217376,-0.4917831853623234,-0.20703409576089624
226800,0.0,0.022712470704000003,0.0,0.102206118168,0.0,0.0,0.0,0.0,0.0,0.0099467057291294,0.0069749997531983994,0.007088631505934441,0.00286121611497568,0.012117229300976801,0.007432668655923279,0.00104782090887012,0.0027282093629252,0.0061638680251425194,0.00922302332230356,0.0,0.00217994924718956,0.11463488685880001,0.0023878377533472,0.00092476348079192,0.0,0.002238597893763,0.00030842904314068,0.0005157939006681999,0.0003246621506744,0.00144684116502156,0.0004477195787526,0.00141751684173484,0.00756567540797376,0.0023129559992400403,0.00271197625539148,0.0021637161396558403,0.0008273648355896001,0.00049327700957304,0.0,0.0001361486438312,0.0007624324054547201,0.0,0.00206003371089208,0.0,0.00304606408140804,0.0,0.0,0.0,0.0,0.0013431587362578,0.0,0.00565121601625504,0.0042886822806828,0.0037341383813857204,0.0,0.0008922972657244799,0.00624817545459184,0.00233599653896532,0.2800573818196,0.0,0.00342256744646432,0.0,0.0036335978444026803,0.0,4.5557430820439996e-05,0.00045400336231404,0.00072996619038728,0.00482751672107628,0.00126827698215064,0.0021637161396558403,0.0011939188766736,0.0033607769081101606,0.00086297294243776,0.00081741551161732,0.00233599653896532,0.0,0.00022726350547207997,0.00368543905878456,0.0,0.00126513509036992,0.00285493233141424,0.00211501681705468,0.0,0.0,0.0,0.0,0.0,0.0,0.0,0.0,0.0,0.0,-0.051117133435072626,-0.0019041941237446579,-0.12671960767319254,-0.4994837849138975,0.0
230400,0.0,0.0,0.0,0.1017644867932,0.0,0.0,0.0,0.0,0.0,0.0094673464168822,0.0066388551867792,0.0067470107104677214,0.0027233261817238403,0.011533266443098402,0.00707446775684264,0.0009973235156715602,0.0025967293936276,0.00586681414441276,0.00877854027062628,0.0,0.00207489145214428,0.1150765182336,0.0022727612351136003,0.0008801965660549601,0.0,0.0021307136579190003,0.00029356499286884,0.0004909363632866,0.0003090157819672,0.0013771138799602801,0.00042614273158380006,0.0013492027770729202,0.0072010645449388806,0.0022014882402405203,0.0025812786045292403,0.0020594406630459203,0.0007874918314648002,0.00046950462356952006,0.0,0.0001295872634056,0.0007256886750713601,0.0,0.0019607549778370404,0.0,0.0028992658124245203,0.0,0.0,0.0,0.0,0.0012784281947514002,0.0,0.005378868256435521,0.0040819987972764,0.0035541799051743606,0.0,0.00084929498785824,0.005947058565213921,0.00222341839250916,0.2806882837836,0.0,0.0032576244369961604,0.0,0.0034584846952748403,0.0,4.336189198572e-05,0.00043212368220252003,0.00069478709687464,0.00459486531283164,0.00120715519987832,0.0020594406630459203,0.0011363806175568002,0.003198811755912081,0.0008213838849708802,0.0007780219929851601,0.00222341839250916,0.0,0.00021631104737704,0.0035078275378792804,0.0,0.0012041647245689601,0.00271734523110512,0.00201308829575084,0.0,0.0,0.0,0.0,0.0,0.0,0.0,0.0,0.0,0.0,-0.040614675002516726,-0.0024391177285222262,-0.10534361944513167,-0.5010535048877846,0.0
234000,0.0,0.0,0.0,0.102206118168,0.0,0.0,0.0,0.0,0.0,0.0088681472765732,0.006218674478755199,0.006319984716134321,0.00255096376515904,0.010803312870750401,0.00662671663299184,0.00093420177417336,0.0024323794320056,0.005495496793500559,0.00822293645602968,0.0,0.00194356920833768,0.1145717966624,0.0021289155873216,0.00082448792263376,0.0,0.001995858363114,0.00027498493002904,0.0004598644415596,0.00028945782108320004,0.00128995477363368,0.00039917167262280004,0.00126381019624552,0.00674530096614528,0.0020621535414911203,0.00241790654095144,0.0019290963172835201,0.0007376505763088001,0.00043978914106512003,0.0,0.0001213855378736,0.0006797590120921601,0.0,0.0018366565615182402,0.0,0.00271576797619512,0.0,0.0,0.0,0.0,0.0011975150178684,0.0,0.00503843355666112,0.0038236444430184004,0.0033292318099101604,0.0,0.0007955421405254399,0.00557066245349152,0.00208269570943896,0.281382275944,0.0,0.00305144567516096,0.0,0.0032395932588650403,0.0,4.061746844232e-05,0.00040477408206312,0.00065081322998384,0.00430405105252584,0.00113075297203792,0.0019290963172835201,0.0010644577936608,0.0029963553156644807,0.0007693975631372801,0.00072878009469496,0.00208269570943896,0.0,0.00020262047475824,0.00328581313674768,0.0,0.00112795176731776,0.00254536135571872,0.0018856776441210402,0.0,0.0,0.0,0.0,0.0,0.0,0.0,0.0,0.0,0.0,-0.034132901429676,-0.0032994854719853362,-0.09964221928924005,-0.5033919199096136,0.0
237600,0.0,0.0,0.0,0.1019537573824,0.0,0.0,0.0,0.0,0.0,0.0076697489959552,0.0053783130627072,0.005465932727467521,0.0022062389320294403,0.009343405726054401,0.00573121438529024,0.00080795829117696,0.0021036795087616,0.00475286209167616,0.00711172882683648,0.0,0.0016809247207244802,0.1156443300012,0.0018412242917376,0.0007130706357913601,0.0,0.0017261477735040001,0.00023782480434944,0.0003977205981056,0.0002503418993152,0.00111563656098048,0.00034522955470080006,0.0010930250345907201,0.00583377380855808,0.0017834841439923201,0.00209116241379584,0.0016684076257587202,0.0006379680659968001,0.00038035817605632004,0.0,0.0001049820868096,0.0005878996861337601,0.0,0.0015884597288806403,0.0,0.0023487723037363202,0.0,0.0,0.0,0.0,0.0010356886641024001,0.0,0.00435756415711232,0.0033069357345024003,0.0028793356193817605,0.0,0.00068803644585984,0.0048178702300467205,0.0018012503432985603,0.2800573818196,0.0,0.00263908815149056,0.0,0.00280181038604544,0.0,3.512862135552e-05,0.00035007488178432,0.0005628654962022401,0.00372242253191424,0.00097794851635712,0.0016684076257587202,0.0009206121458688,0.0025914424351692806,0.0006654249194700801,0.0006302962981145601,0.0018012503432985603,0.0,0.00017523932952064,0.00284178433448448,0.0,0.00097552585281536,0.00220139360494592,0.0016308563408614402,0.0,0.0,0.0,0.0,0.0,0.0,0.0,0.0,0.0,0.0,-0.024948469558713608,-0.00045365525079439504,-0.09001877833045595,-0.5053103155344706,0.0
241200,0.0,0.0,0.0,0.10390955347080001,0.0,0.0,0.0,0.0,0.0,0.0076697489959552,0.0053783130627072,0.005465932727467521,0.0022062389320294403,0.009343405726054401,0.00573121438529024,0.00080795829117696,0.0021036795087616,0.00475286209167616,0.00711172882683648,0.0,0.0016809247207244802,0.11463488685880001,0.0018412242917376,0.0007130706357913601,0.0,0.0017261477735040001,0.00023782480434944,0.0003977205981056,0.0002503418993152,0.00111563656098048,0.00034522955470080006,0.0010930250345907201,0.00583377380855808,0.0017834841439923201,0.00209116241379584,0.0016684076257587202,0.0006379680659968001,0.00038035817605632004,0.0,0.0001049820868096,0.0005878996861337601,0.0,0.0015884597288806403,0.0,0.0023487723037363202,0.0,0.0,0.0,0.0,0.0010356886641024001,0.0,0.00435756415711232,0.0033069357345024003,0.0028793356193817605,0.0,0.00068803644585984,0.0048178702300467205,0.0018012503432985603,0.27879557789160003,0.0,0.00263908815149056,0.0,0.00280181038604544,0.0,3.512862135552e-05,0.00035007488178432,0.0005628654962022401,0.00372242253191424,0.00097794851635712,0.0016684076257587202,0.0009206121458688,0.0025914424351692806,0.0006654249194700801,0.0006302962981145601,0.0018012503432985603,0.0,0.00017523932952064,0.00284178433448448,0.0,0.00097552585281536,0.00220139360494592,0.0016308563408614402,0.0,0.0,0.0,0.0,0.0,0.0,0.0,0.0,0.0,0.0,-0.023053789704563277,-0.00322651745945705,-0.0866865978751919,-0.5074488626532223,0.0
244800,0.0,0.0,0.0,0.10264774954280001,0.0,0.0,0.0,0.0,0.0,0.010186385385253,0.007143072036407999,0.0072594419036678005,0.0029301610816016,0.012409210729916001,0.0076117691054636,0.0010730696054694,0.002793949347574,0.0063123949655073995,0.009445264848142199,0.0,0.0022324781447122,0.115455059412,0.0024453760124640003,0.0009470469381604001,0.0,0.0022925400116850002,0.0003158610682766,0.0005282226693589999,0.000332485335028,0.0014817048075522,0.00045850800233700005,0.0014516738740658,0.0077479808394912,0.0023686898787398003,0.0027773250808226,0.0022158538779608002,0.0008473013376520002,0.0005051632025748,0.0,0.000139429334044,0.0007808042706464001,0.0,0.0021096730774196,0.0,0.0031194632158998,0.0,0.0,0.0,0.0,0.001375524007011,0.0,0.0057873898961648,0.004392024022386001,0.0038241176194914006,0.0,0.0009137984046575999,0.0063987338992808,0.0023922856121934,0.2755779778752,0.0,0.0035050389511984,0.0,0.0037211544189666,0.0,4.66552002378e-05,0.0004649432023698,0.0007475557371436,0.0049438424251986,0.0012988378732868,0.0022158538779608002,0.0012226880062320001,0.0034417594842092005,0.0008837674711712001,0.0008371122709334001,0.0023922856121934,0.0,0.0002327397345196,0.0037742448192372,0.0,0.0012956202732704,0.0029237258815688,0.0021659810777066003,0.0,0.0,0.0,0.0,0.0,0.0,0.0,0.0,0.0,0.0,-0.0322950784181279,-0.013290364280749218,-0.10061273566499297,-0.5109425882326133,0.0
248400,0.0,0.0,0.0,0.10264774954280001,0.0,0.0,0.0,0.0,0.0,0.0115046234939328,0.0080674695940608,0.00819889909120128,0.0033093583980441602,0.014015108589081601,0.008596821577935359,0.00121193743676544,0.0031555192631424,0.00712929313751424,0.010667593240254718,0.0,0.00252138708108672,0.11444561626960001,0.0027618364376064,0.00106960595368704,0.0,0.002589221660256,0.00035673720652415995,0.0005965808971584,0.00037551284897280004,0.00167345484147072,0.0005178443320512001,0.0016395375518860802,0.00875066071283712,0.0026752262159884803,0.00313674362069376,0.0025026114386380804,0.0009569520989952001,0.0005705372640844801,0.0,0.0001574731302144,0.0008818495292006401,0.0,0.00238268959332096,0.0,0.00352315845560448,0.0,0.0,0.0,0.0,0.0015535329961536,0.0,0.0065363462356684806,0.0049604036017536005,0.00431900342907264,0.0,0.0010320546687897598,0.00722680534507008,0.0027018755149478403,0.2775337739636,0.0,0.00395863222723584,0.0,0.00420271557906816,0.0,5.269293203328e-05,0.00052511232267648,0.00084429824430336,0.00558363379787136,0.00146692277453568,0.0025026114386380804,0.0013809182188032,0.0038871636527539207,0.00099813737920512,0.0009454444471718401,0.0027018755149478403,0.0,0.00026285899428096,0.00426267650172672,0.0,0.00146328877922304,0.00330209040741888,0.00244628451129216,0.0,0.0,0.0,0.0,0.0,0.0,0.0,0.0,0.0,0.0,-0.038228296530076214,-0.01732639882258832,-0.10928579066855615,-0.5144002779616312,0.0
252000,0.0,0.022712470704000003,0.0,0.10542371818440001,0.0,0.0,0.0,0.0,0.0,0.014860138679663201,0.0104204815589952,0.01059024465946832,0.00427458793080704,0.018102848594230402,0.011104227871499839,0.0015654191891553602,0.0040758790482256,0.00920867030262256,0.01377897460199568,0.0,0.0032567916464036803,0.11608596137600001,0.0035673720652416004,0.0013815743568457602,0.0,0.003344411311164,0.00046078555842704,0.0007705836588296,0.0004850374299232,0.0021615458368996797,0.0006688822622328,0.00211773600451952,0.011302936754081281,0.0034555005289851203,0.0040516271767294405,0.0032325397749075205,0.0012360631278688003,0.00073694396610912,0.0,0.0002034027931936,0.0011390556418841601,0.0,0.0030776407247062403,0.0,0.00455074633848912,0.0,0.0,0.0,0.0,0.0020066467866984,0.0,0.008442780554405121,0.006407187985598401,0.005578712762552161,0.0,0.0013330706138534399,0.00933462357071552,0.0034899225401409605,0.282013177908,0.0,0.0051132332935129605,0.0,0.0054285076229630405,0.0,6.806170387632e-05,0.00067827008345712,0.00109055189889184,0.00721219365558384,0.00189477525044192,0.0032325397749075205,0.0017836860326208002,0.005020919718140481,0.0012892607814732802,0.00122119907759696,0.0034899225401409605,0.0,0.00033952620094624,0.00550595714806368,0.0,0.00189008133982976,0.00426520010958272,0.00315978416041904,0.0,0.0,0.0,0.0,0.0,0.0,0.0,0.0,0.0,0.0,-0.023510142204531303,-0.017744820334728264,0.10906201975418428,-0.8325016499878417,0.0
255600,0.0,0.022712470704000003,0.0,0.10523444759520001,0.0,0.0,0.0,0.0,0.0,0.0200132512863206,0.014034035648001599,0.014262668210735562,0.00575690471326432,0.024380449316423202,0.014954887536616718,0.00210826616603988,0.0054892887181748,0.012401999520467478,0.01855716740752644,0.0,0.00438616294314044,0.1172846751076,0.0048044446362528,0.0018606686902680801,0.0,0.004504166846487,0.0006205740988493199,0.0010378021856818,0.0006532358935256,0.00291111415130844,0.0009008333692974,0.0028521121996351604,0.01522250353170624,0.004653778938229961,0.00545662692349852,0.00435350114846416,0.0016646979222104002,0.00099249711564696,0.0,0.0002739376327688,0.00153405074350528,0.0,0.00414488710504792,0.0,0.0061288277300619596,0.0,0.0,0.0,0.0,0.0027025001078922,0.0,0.01137051897246496,0.0086290354322172,0.007513266381824281,0.0,0.0017953451009155197,0.01257163013152816,0.00470013761454468,0.282644079872,0.0,0.00688637064529568,0.0,0.0073109739760873205,0.0,9.166374634956e-05,0.00091347664465596,0.00146872715415272,0.00971319629421372,0.00255183440986936,0.00435350114846416,0.0024022223181264,0.006762045104269841,0.00173634314924224,0.00164467940289268,0.00470013761454468,0.0,0.00045726512546791996,0.00741528099779544,0.0,0.00254551277219008,0.00574426143790576,0.00425551576443532,0.0,0.0,0.0,0.0,0.0,0.0,0.0,0.0,0.0,0.0,-0.04459972794009316,-0.029314049639986066,0.05829971205453255,-0.833412391529756,0.0
259200,0.0,0.039115921768,0.0,0.1032786515068,0.0,0.0,0.0,0.0,0.0,0.0160585369602812,0.011260842975043199,0.011444296648135122,0.00461931276393664,0.019562755738926404,0.01199973011920144,0.0016916626721517603,0.0044045789714696,0.00995130500444696,0.01489018223118888,0.0,0.0035194361340168804,0.0,0.0038550633608256005,0.0014929916436881602,0.0,0.0036141219007740006,0.00049794568410664,0.0008327275022836,0.0005241533516912001,0.00233586404955288,0.0007228243801548002,0.0022885211661743204,0.012214463911668482,0.0037341699264839207,0.00437837130388504,0.003493228466432321,0.0013357456381808003,0.00079637493111792,0.0,0.00021980624425760003,0.0012309149678425603,0.0,0.0033258375573438407,0.0,0.004917742010947921,0.0,0.0,0.0,0.0,0.0021684731404644003,0.0,0.00912364995395392,0.006923896694114401,0.006028608953080561,0.0,0.00144057630851904,0.010087415794160321,0.0037713679062813606,0.2800573818196,0.0,0.00552559081718336,0.0,0.00586629049578264,0.0,7.355055096312e-05,0.00073296928373592,0.00117849963267344,0.007793822176195441,0.00204757970612272,0.003493228466432321,0.0019275316804128002,0.005425832598635681,0.0013932334251404803,0.0013196828741773602,0.0037713679062813606,0.0,0.00036690734618384003,0.00594998595032688,0.0,0.00204250725433216,0.00460916786035552,0.0034146054636786404,0.0,0.0,0.0,0.0,0.0,0.0,0.0,0.0,0.0,0.0,0.01631218131034981,-0.009181286773143754,0.13863734944928957,-0.8259100495362929,0.0
262800,0.0,0.039115921768,0.0,0.10763187505840001,0.0,0.0,0.0,0.0,0.0,0.0232489266439892,0.0163030114713312,0.01656860858013592,0.00668766176271424,0.028322198607102403,0.01737274360541104,0.00244912357013016,0.0063767785109336,0.014407113215393359,0.02155742800634808,0.0,0.00509530305969608,0.0,0.0055812111343296,0.00216149536474256,0.0,0.005232385438434,0.00072090643818424,0.0012055905630076,0.0007588488822992001,0.0033817733254720797,0.0010464770876868002,0.0033132321361031202,0.01768362685719168,0.005406186311476721,0.0063388360668186405,0.00505736061558112,0.0019338407000528003,0.0011529607211707201,0.0,0.0003182269506416,0.00178207092359296,0.0,0.00481501855316944,0.0,0.00711971604570072,0.0,0.0,0.0,0.0,0.0031394312630604,0.0,0.01320886635124672,0.010024148945210401,0.00872798609625096,0.0,0.0020856104765126396,0.01460416913482912,0.005460040103123761,0.2858616798884,0.0,0.00799973595920576,0.0,0.008492987732700241,0.0,0.00010648363348392,0.00106116448540872,0.0017061860353630401,0.01128359329986504,0.00296440644020752,0.00505736061558112,0.0027906055671648,0.00785530988160688,0.00201706928714368,0.00191058565365976,0.005460040103123761,0.0,0.0005311942176094399,0.00861415876390608,0.0,0.00295706274134656,0.00667297436499232,0.00494353328323624,0.0,0.0,0.0,0.0,0.0,0.0,0.0,0.0,0.0,0.0,0.05753286413541859,-0.014152984844780519,0.18601603349279913,-0.8201688949481946,-0.21490986013472235
266400,0.0,0.039115921768,0.0,0.1084520476116,0.0,0.0,0.0,0.0,0.0,0.0174966148970228,0.012269276674300798,0.012469159034535281,0.00503298256369216,0.021314644312561602,0.013074332816443358,0.00184315485174744,0.0047990188793624,0.01084246664663624,0.016223631386220717,0.0,0.00383460951915272,0.0,0.0042002929155264,0.00162669238789904,0.0,0.003937774608306,0.00054253783492216,0.0009073001144284,0.0005710924578128001,0.0025450459047367197,0.0007875549216612,0.00249346336016008,0.01330829650077312,0.004068573203482481,0.00477046425647176,0.0038060548962620803,0.0014553646505552002,0.0008676920891284801,0.0,0.0002394903855344,0.0013411461589926401,0.0,0.00362367375650896,0.0,0.00535813681789848,0.0,0.0,0.0,0.0,0.0023626647649836,0.0,0.00994069323341248,0.0075439471443336,0.006568484381714641,0.0,0.0015695831421177599,0.01099076646229408,0.00410910234564984,0.28459987596040004,0.0,0.00602041984558784,0.0,0.00639162994316616,0.0,8.013716746728e-05,0.00079860832407048,0.00128403691321136,0.00849177640092936,0.00223094505293968,0.0038060548962620803,0.0021001464577632,0.005911728055229921,0.0015180005975411201,0.00143786343007384,0.00410910234564984,0.0,0.00039976472046896,0.00648282051304272,0.0,0.00222541835173504,0.00502192916128288,0.00372039102759016,0.0,0.0,0.0,0.0,0.0,0.0,0.0,0.0,0.0,0.0,0.0752429774437489,0.011649180931702047,0.22307624271740994,-0.8145811660153034,-0.20832163389881136
270000,0.0,0.039115921768,0.0,0.1084520476116,0.0,0.0,0.0,0.0,0.0,0.0172569352408992,0.012101204391091198,0.01229834863680192,0.00496403759706624,0.021022662883622402,0.012895232366903039,0.0018179061551481602,0.0047332788947136,0.010693939706271359,0.01600138986038208,0.0,0.00378208062163008,0.0,0.0041427546564096005,0.00160440893053056,0.0,0.003883832490384,0.0005351058097862399,0.0008948713457376,0.0005632692734592,0.00251018226220608,0.0007767664980768001,0.0024593063278291203,0.013125991069255681,0.004012839323982721,0.00470511543104064,0.0037539171579571203,0.0014354281484928002,0.00085580589612672,0.0,0.0002362096953216,0.0013227742938009602,0.0,0.00357403438998144,0.0,0.0052847376834067195,0.0,0.0,0.0,0.0,0.0023302994942304,0.0,0.00980451935350272,0.007440605402630401,0.0064785051436089605,0.0,0.0015480820031846397,0.01084020801760512,0.00405281327242176,0.28907927990480003,0.0,0.00593794834085376,0.0,0.00630407336860224,0.0,7.903939804992e-05,0.00078766848401472,0.0012664473664550401,0.00837545069680704,0.00220038416180352,0.0037539171579571203,0.0020713773282048003,0.005830745479130881,0.00149720606880768,0.00141816667075776,0.00405281327242176,0.0,0.00039428849142143996,0.00639401475259008,0.0,0.00219493316883456,0.00495313561112832,0.0036694267669382403,0.0,0.0,0.0,0.0,0.0,0.0,0.0,0.0,0.0,0.0,0.07112935526220264,0.012995478742556037,0.2211751227082484,-0.8119489727218795,-0.2069186695858054
273600,0.0,0.039115921768,0.0,0.11299454175240001,0.0,0.0,0.0,0.0,0.0,0.0091078269326968,0.0063867467619648,0.006490795113867681,0.00261990873178496,0.011095294299689602,0.0068058170825321595,0.0009594504707726401,0.0024981194166544003,0.00564402373386544,0.00844517798186832,0.0,0.00199609810586032,0.0,0.0021864538464384,0.0008467713800022401,0.0,0.002049800481036,0.00028241695516496,0.0004722932102504,0.00029728100543680003,0.00132481841616432,0.00040996009620720004,0.0012979672285764801,0.006927606397662721,0.0021178874209908803,0.0024832553663825603,0.00198123405558848,0.0007575870783712002,0.00045167533406688,0.0,0.0001246662280864,0.0006981308772838401,0.0,0.00188629592804576,0.0,0.00278916711068688,0.0,0.0,0.0,0.0,0.0012298802886216,0.0,0.0051746074365708805,0.0039269861847216,0.0034192110480158406,0.0,0.00081704327945856,0.0057212208981804805,0.00213898478266704,0.2858616798884,0.0,0.0031339171798950402,0.0,0.00332714983342896,0.0,4.171523785968e-05,0.00041571392211888,0.00066840277674016,0.00442037675664816,0.00116131386317408,0.00198123405558848,0.0010932269232192,0.0030773378917635205,0.0007901920918707201,0.00074847685401104,0.00213898478266704,0.0,0.00020809670380576,0.0033746188972003203,0.0,0.00115843695021824,0.00261415490587328,0.0019366419047729601,0.0,0.0,0.0,0.0,0.0,0.0,0.0,0.0,0.0,0.0,0.042234704453662564,0.024246616299504222,0.039373286768679315,-0.4849862741330239,-0.2049929292947131
277200,0.0,0.022712470704000003,0.0,0.11476106725160001,0.0,0.0,0.0,0.0,0.0,0.0110252641816856,0.0077313250276416,0.00785727829573456,0.0031714684647923203,0.013431145731203202,0.00823862067885472,0.00116144004356688,0.0030240392938448,0.00683223925678448,0.01022311018857744,0.0,0.00241632928604144,0.0769069494116,0.0026467599193728004,0.00102503903895008,0.0,0.0024813374244120005,0.00034187315625232,0.0005717233597768,0.00035986648026560005,0.0016037275564094401,0.0004962674848824001,0.0015712234872241602,0.00838604984980224,0.0025637584569889603,0.0030060459698315204,0.0023983359620281604,0.0009170790948704002,0.0005467648780809601,0.0,0.00015091174978880002,0.0008451057988172802,0.0,0.00228341086026592,0.0,0.00337636018662096,0.0,0.0,0.0,0.0,0.0014888024546472,0.0,0.006263998475848961,0.0047537201183472004,0.004139044952861281,0.0,0.00098905239092352,0.00692568845569216,0.0025892973684916803,0.28907927990480003,0.0,0.0037936892177676805,0.0,0.00402760242994032,0.0,5.049739319856e-05,0.0005032326425649601,0.00080911915079072,0.00535098238962672,0.00140580099226336,0.0023983359620281604,0.0013233799596864002,0.003725198500555841,0.0009565483217382402,0.0009060509285396801,0.0025892973684916803,0.0,0.00025190653618592003,0.00408506498082144,0.0,0.00140231841342208,0.0031645033071097603,0.0023443559899883203,0.0,0.0,0.0,0.0,0.0,0.0,0.0,0.0,0.0,0.0,0.024553659327401046,0.01616720567914684,-0.026234876270623767,-0.48818851799992996,-0.20667862787289393
280800,0.0,0.022712470704000003,0.0,0.1121112790028,0.0,0.0,0.0,0.0,0.0,0.010186385385253,0.007143072036407999,0.0072594419036678005,0.0029301610816016,0.012409210729916001,0.0076117691054636,0.0010730696054694,0.002793949347574,0.0063123949655073995,0.009445264848142199,0.0,0.0022324781447122,0.0,0.0024453760124640003,0.0009470469381604001,0.0,0.0022925400116850002,0.0003158610682766,0.0005282226693589999,0.000332485335028,0.0014817048075522,0.00045850800233700005,0.0014516738740658,0.0077479808394912,0.0023686898787398003,0.0027773250808226,0.0022158538779608002,0.0008473013376520002,0.0005051632025748,0.0,0.000139429334044,0.0007808042706464001,0.0,0.0021096730774196,0.0,0.0031194632158998,0.0,0.0,0.0,0.0,0.001375524007011,0.0,0.0057873898961648,0.004392024022386001,0.0038241176194914006,0.0,0.0009137984046575999,0.0063987338992808,0.0023922856121934,0.2884483779408,0.0,0.0035050389511984,0.0,0.0037211544189666,0.0,4.66552002378e-05,0.0004649432023698,0.0007475557371436,0.0049438424251986,0.0012988378732868,0.0022158538779608002,0.0012226880062320001,0.0034417594842092005,0.0008837674711712001,0.0008371122709334001,0.0023922856121934,0.0,0.0002327397345196,0.0037742448192372,0.0,0.0012956202732704,0.0029237258815688,0.0021659810777066003,0.0,0.0,0.0,0.0,0.0,0.0,0.0,0.0,0.0,0.0,0.02869019101729729,0.017018565137930274,0.0566944987691455,-0.4837136712089135,-0.20542169112954306
284400,0.0,0.0,0.0,0.1162121417688,0.0,0.0,0.0,0.0,0.0,0.0128228616026126,0.0089918671517136,0.009138356278734761,0.0036885557144867203,0.015621006448247203,0.00958187405040712,0.0013508052680614802,0.0035170891787108002,0.00794619130952108,0.01188992163236724,0.0,0.0028102960174612402,0.0,0.0030782968627488002,0.0011921649692136801,0.0,0.0028859033088270004,0.00039761334477172,0.0006649391249578,0.00041854036291760007,0.0018652048753892401,0.0005771806617654001,0.0018274012297063603,0.00975334058618304,0.0029817625532371603,0.0034961621605649204,0.0027893689993153605,0.0010666028603384002,0.0006359113255941601,0.0,0.00017551692638480003,0.0009828947877548802,0.0,0.0026557061092223203,0.0,0.00392685369530916,0.0,0.0,0.0,0.0,0.0017315419852962002,0.0,0.007285302575172161,0.005528783181121201,0.004813889238653881,0.0,0.00115031093292192,0.008054876790859361,0.0030114654177022804,0.2910350759932,0.0,0.00441222550327328,0.0,0.0046842767391697205,0.0,5.873066382876e-05,0.00058528144298316,0.0009410407514631201,0.006223425170544121,0.00163500767578456,0.0027893689993153605,0.0015391484313744001,0.004332567821298641,0.0011125072872390403,0.0010537766234102802,0.0030114654177022804,0.0,0.00029297825404232,0.004751108184216241,0.0,0.00163095728517568,0.0036804549332689605,0.0027265879448777203,0.0,0.0,0.0,0.0,0.0,0.0,0.0,0.0,0.0,0.0,0.013706849317397842,0.008195594236069902,0.05492217106399193,-0.48254156435148476,-0.2072975366751952
288000,0.0,0.0,0.0,0.114508706466,0.0,0.0,0.0,0.0,0.0,0.0115046234939328,0.0080674695940608,0.00819889909120128,0.0033093583980441602,0.014015108589081601,0.008596821577935359,0.00121193743676544,0.0031555192631424,0.00712929313751424,0.010667593240254718,0.0,0.00252138708108672,0.0,0.0027618364376064,0.00106960595368704,0.0,0.002589221660256,0.00035673720652415995,0.0005965808971584,0.00037551284897280004,0.00167345484147072,0.0005178443320512001,0.0016395375518860802,0.00875066071283712,0.0026752262159884803,0.00313674362069376,0.0025026114386380804,0.0009569520989952001,0.0005705372640844801,0.0,0.0001574731302144,0.0008818495292006401,0.0,0.00238268959332096,0.0,0.00352315845560448,0.0,0.0,0.0,0.0,0.0015535329961536,0.0,0.0065363462356684806,0.0049604036017536005,0.00431900342907264,0.0,0.0010320546687897598,0.00722680534507008,0.0027018755149478403,0.2929277818852,0.0,0.00395863222723584,0.0,0.00420271557906816,0.0,5.269293203328e-05,0.00052511232267648,0.00084429824430336,0.00558363379787136,0.00146692277453568,0.0025026114386380804,0.0013809182188032,0.0038871636527539207,0.00099813737920512,0.0009454444471718401,0.0027018755149478403,0.0,0.00026285899428096,0.00426267650172672,0.0,0.00146328877922304,0.00330209040741888,0.00244628451129216,0.0,0.0,0.0,0.0,0.0,0.0,0.0,0.0,0.0,0.0,0.02052937986392559,0.010834515317811332,0.06283448672152876,-0.4804505753335295,-0.20579791912778805
291600,0.0,0.0,0.0,0.11513960843000001,0.0,0.0,0.0,0.0,0.0,0.013182381086798001,0.009243975576528,0.009394571875334802,0.0037919731644256004,0.016058978591656003,0.0098505247247176,0.0013886783129604002,0.0036156991556840004,0.008168981720068401,0.0122232839211252,0.0,0.0028890893637452003,0.11772630648240001,0.0031646042514240002,0.0012255901552664001,0.0,0.0029668164857100006,0.0004087613824756,0.0006835822779940001,0.00043027513944800006,0.0019175003391852,0.0005933632971420001,0.0018786367782028003,0.010026798733459201,0.0030653633724868007,0.0035941853987116004,0.0028675756067728007,0.0010965076134320003,0.0006537406150968001,0.0,0.00018043796170400003,0.0010104525855424002,0.0,0.0027301651590136006,0.0,0.004036952397046801,0.0,0.0,0.0,0.0,0.0017800898914260002,0.0,0.007489563395036801,0.005683795793676001,0.004948858095812401,0.0,0.0011825626413216,0.008280714457892802,0.0030958990275444004,0.2929277818852,0.0,0.004535932760374401,0.0,0.004815611601015601,0.0,6.03773179548e-05,0.0006016912030668,0.0009674250715976001,0.006397913726727601,0.0016808490124888,0.0028675756067728007,0.0015823021257120001,0.004454041685447201,0.0011436990803392003,0.0010833217623844001,0.0030958990275444004,0.0,0.00030119259761360003,0.0048843168248952,0.0,0.0016766850595264001,0.0037836452585008006,0.0028030343358556005,0.0,0.0,0.0,0.0,0.0,0.0,0.0,0.0,0.0,0.0,-0.000987758850705864,0.004726152464436543,-0.047834649151948884,-0.4858429363831493,-0.20739094927991703
295200,0.0,0.0,0.0,0.1170954045184,0.0,0.0,0.0,0.0,0.0,0.012942701430674402,0.0090759032933184,0.009223761477601441,0.0037230281977996805,0.015766997162716803,0.00967142427517728,0.0013634296163611201,0.0035499591710352004,0.00802045477970352,0.01200104239528656,0.0,0.0028365604662225602,0.1158336005904,0.0031070659923072004,0.0012033066978979201,0.0,0.0029128743677880003,0.00040132935733968,0.0006711535093032,0.00042245195509440006,0.00188263669665456,0.0005825748735576002,0.0018444797458718404,0.00984449330194176,0.0030096294929870407,0.0035288365732804804,0.0028154378684678407,0.0010765711113696003,0.0006418544220950401,0.0,0.00017715727149120002,0.0009920807203507203,0.0,0.0026805257924860802,0.0,0.00396355326255504,0.0,0.0,0.0,0.0,0.0017477246206728002,0.0,0.007353389515127041,0.0055804540519728005,0.004858878857706721,0.0,0.00116106150238848,0.00813015601320384,0.0030396099543163204,0.28971018186880004,0.0,0.00445346125564032,0.0,0.00472805502645168,0.0,5.9279548537440005e-05,0.0005907513630110401,0.0009498355248412801,0.006281588022605281,0.0016502881213526401,0.0028154378684678407,0.0015535329961536002,0.004373059109348161,0.0011229045516057603,0.00106362500306832,0.0030396099543163204,0.0,0.00029571636856608,0.00479551106444256,0.0,0.0016461998766259202,0.0037148517083462405,0.0027520700752036806,0.0,0.0,0.0,0.0,0.0,0.0,0.0,0.0,0.0,0.0,-0.001940797210364305,0.004476133231868374,-0.03876457887030526,-0.486764429708242,-0.20733584165326516
298800,0.0,0.022712470704000003,0.0,0.1136254437164,0.0,0.0,0.0,0.0,0.0,0.014260939539354199,0.010000300850971198,0.010163218665134921,0.00410222551424224,0.0173728950218824,0.01065647674764904,0.0015022974476571601,0.0039115290866036,0.00883735295171036,0.013223370787399078,0.0,0.00312546940259708,0.1146979770552,0.0034235264174496,0.0013258657134245602,0.0,0.0032095560163590002,0.00044220549558723996,0.0007395117371026,0.00046547946903920004,0.00207438673057308,0.0006419112032718,0.0020323434236921203,0.01084717317528768,0.0033161658302357203,0.00388825511315164,0.0031021954291451203,0.0011862218727128001,0.00070722848360472,0.0,0.0001952010676616,0.00109312597890496,0.0,0.00295354230838744,0.0,0.00436724850225972,0.0,0.0,0.0,0.0,0.0019257336098154,0.0,0.00810234585463072,0.0061488336313404,0.005353764667287961,0.0,0.0012793177665206398,0.00895822745899312,0.00334919985707076,0.2910350759932,0.0,0.00490705453167776,0.0,0.00520961618655324,0.0,6.531728033292e-05,0.00065092048331772,0.00104657803200104,0.0069213793952780395,0.00181837302260152,0.0031021954291451203,0.0017117632087248,0.004818463277892881,0.00123727445963968,0.00117195717930676,0.00334919985707076,0.0,0.00032583562832744,0.00528394274693208,0.0,0.00181386838257856,0.00409321623419632,0.00303237350878924,0.0,0.0,0.0,0.0,0.0,0.0,0.0,0.0,0.0,0.0,-0.012385241292019995,-0.0011163125847761747,-0.06009942407399256,-0.4886016171561667,-0.20871234403492142
302400,0.0,0.022712470704000003,0.0,0.11476106725160001,0.0,0.0,0.0,0.0,0.0,0.0139014200551688,0.009748192426156798,0.00990700306853488,0.00399880806430336,0.0169349228784736,0.010387826073338558,0.00146442440275824,0.0038129191096304,0.008614562541163039,0.01289000849864112,0.0,0.00304667605631312,0.1146979770552,0.0033372190287744,0.00129244052737184,0.0,0.003128642839476,0.00043105745788335996,0.0007208685840663999,0.0004537446925088,0.0020220912667771197,0.0006257285678952,0.00198110787519568,0.01057371502801152,0.0032325650109860803,0.00379023187500496,0.00302398882168768,0.0011563171196192002,0.00068939919410208,0.0,0.0001902800323424,0.00106556818111744,0.0,0.00287908325859616,0.0,0.00425714980052208,0.0,0.0,0.0,0.0,0.0018771857036856,0.0,0.00789808503476608,0.0059938210187856006,0.00521879581012944,0.0,0.0012470660581209599,0.00873238979195968,0.00326476624722864,0.2858616798884,0.0,0.0047833472745766395,0.0,0.00507828132470736,0.0,6.367062620688e-05,0.00063451072323408,0.00102019371186656,0.00674689083909456,0.0017725316858972799,0.00302398882168768,0.0016686095143872,0.00469698941374432,0.00120608266653952,0.00114241204033264,0.00326476624722864,0.0,0.00031762128475616,0.00515073410625312,0.0,0.00176814060822784,0.0039900259089644795,0.00295592711781136,0.0,0.0,0.0,0.0,0.0,0.0,0.0,0.0,0.0,0.0,-0.008831496986232826,5.372437623450295e-05,-0.0536855374835549,-0.4899607480720047,-0.20868393265025478
306000,0.0,0.022712470704000003,0.0,0.1093353103612,0.0,0.0,0.0,0.0,0.0,0.012942701430674402,0.0090759032933184,0.009223761477601441,0.0037230281977996805,0.015766997162716803,0.00967142427517728,0.0013634296163611201,0.0035499591710352004,0.00802045477970352,0.01200104239528656,0.0,0.0028365604662225602,0.11495033784080001,0.0031070659923072004,0.0012033066978979201,0.0,0.0029128743677880003,0.00040132935733968,0.0006711535093032,0.00042245195509440006,0.00188263669665456,0.0005825748735576002,0.0018444797458718404,0.00984449330194176,0.0030096294929870407,0.0035288365732804804,0.0028154378684678407,0.0010765711113696003,0.0006418544220950401,0.0,0.00017715727149120002,0.0009920807203507203,0.0,0.0026805257924860802,0.0,0.00396355326255504,0.0,0.0,0.0,0.0,0.0017477246206728002,0.0,0.007353389515127041,0.0055804540519728005,0.004858878857706721,0.0,0.00116106150238848,0.00813015601320384,0.0030396099543163204,0.2852307779244,0.0,0.00445346125564032,0.0,0.00472805502645168,0.0,5.9279548537440005e-05,0.0005907513630110401,0.0009498355248412801,0.006281588022605281,0.0016502881213526401,0.0028154378684678407,0.0015535329961536002,0.004373059109348161,0.0011229045516057603,0.00106362500306832,0.0030396099543163204,0.0,0.00029571636856608,0.00479551106444256,0.0,0.0016461998766259202,0.0037148517083462405,0.0027520700752036806,0.0,0.0,0.0,0.0,0.0,0.0,0.0,0.0,0.0,0.0,0.00028566963427840986,0.0021554081752074355,-0.04320811818056103,-0.4910334148167002,-0.20811876887533295
309600,0.0,0.022712470704000003,0.0,0.1049820868096,0.0,0.0,0.0,0.0,0.0,0.0115046234939328,0.0080674695940608,0.00819889909120128,0.0033093583980441602,0.014015108589081601,0.008596821577935359,0.00121193743676544,0.0031555192631424,0.00712929313751424,0.010667593240254718,0.0,0.00252138708108672,0.11495033784080001,0.0027618364376064,0.00106960595368704,0.0,0.002589221660256,0.00035673720652415995,0.0005965808971584,0.00037551284897280004,0.00167345484147072,0.0005178443320512001,0.0016395375518860802,0.00875066071283712,0.0026752262159884803,0.00313674362069376,0.0025026114386380804,0.0009569520989952001,0.0005705372640844801,0.0,0.0001574731302144,0.0008818495292006401,0.0,0.00238268959332096,0.0,0.00352315845560448,0.0,0.0,0.0,0.0,0.0015535329961536,0.0,0.0065363462356684806,0.0049604036017536005,0.00431900342907264,0.0,0.0010320546687897598,0.00722680534507008,0.0027018755149478403,0.2806882837836,0.0,0.00395863222723584,0.0,0.00420271557906816,0.0,5.269293203328e-05,0.00052511232267648,0.00084429824430336,0.00558363379787136,0.00146692277453568,0.0025026114386380804,0.0013809182188032,0.0038871636527539207,0.00099813737920512,0.0009454444471718401,0.0027018755149478403,0.0,0.00026285899428096,0.00426267650172672,0.0,0.00146328877922304,0.00330209040741888,0.00244628451129216,0.0,0.0,0.0,0.0,0.0,0.0,0.0,0.0,0.0,0.0,0.010321273185915275,0.006129115385842802,-0.025604603298728944,-0.4917627871848724,-0.20702980143300856
313200,0.0,0.022712470704000003,0.0,0.102206118168,0.0,0.0,0.0,0.0,0.0,0.0099467057291294,0.0069749997531983994,0.007088631505934441,0.00286121611497568,0.012117229300976801,0.007432668655923279,0.00104782090887012,0.0027282093629252,0.0061638680251425194,0.00922302332230356,0.0,0.00217994924718956,0.11463488685880001,0.0023878377533472,0.00092476348079192,0.0,0.002238597893763,0.00030842904314068,0.0005157939006681999,0.0003246621506744,0.00144684116502156,0.0004477195787526,0.00141751684173484,0.00756567540797376,0.0023129559992400403,0.00271197625539148,0.0021637161396558403,0.0008273648355896001,0.00049327700957304,0.0,0.0001361486438312,0.0007624324054547201,0.0,0.00206003371089208,0.0,0.00304606408140804,0.0,0.0,0.0,0.0,0.0013431587362578,0.0,0.00565121601625504,0.0042886822806828,0.0037341383813857204,0.0,0.0008922972657244799,0.00624817545459184,0.00233599653896532,0.2800573818196,0.0,0.00342256744646432,0.0,0.0036335978444026803,0.0,4.5557430820439996e-05,0.00045400336231404,0.00072996619038728,0.00482751672107628,0.00126827698215064,0.0021637161396558403,0.0011939188766736,0.0033607769081101606,0.00086297294243776,0.00081741551161732,0.00233599653896532,0.0,0.00022726350547207997,0.00368543905878456,0.0,0.00126513509036992,0.00285493233141424,0.00211501681705468,0.0,0.0,0.0,0.0,0.0,0.0,0.0,0.0,0.0,0.0,-0.051120062475670365,-0.0019065314576493823,-0.12673275908028286,-0.4994653671323047,0.0
316800,0.0,0.0,0.0,0.1017644867932,0.0,0.0,0.0,0.0,0.0,0.0094673464168822,0.0066388551867792,0.0067470107104677214,0.0027233261817238403,0.011533266443098402,0.00707446775684264,0.0009973235156715602,0.0025967293936276,0.00586681414441276,0.00877854027062628,0.0,0.00207489145214428,0.1150765182336,0.0022727612351136003,0.0008801965660549601,0.0,0.0021307136579190003,0.00029356499286884,0.0004909363632866,0.0003090157819672,0.0013771138799602801,0.00042614273158380006,0.0013492027770729202,0.0072010645449388806,0.0022014882402405203,0.0025812786045292403,0.0020594406630459203,0.0007874918314648002,0.00046950462356952006,0.0,0.0001295872634056,0.0007256886750713601,0.0,0.0019607549778370404,0.0,0.0028992658124245203,0.0,0.0,0.0,0.0,0.0012784281947514002,0.0,0.005378868256435521,0.0040819987972764,0.0035541799051743606,0.0,0.00084929498785824,0.005947058565213921,0.00222341839250916,0.2806882837836,0.0,0.0032576244369961604,0.0,0.0034584846952748403,0.0,4.336189198572e-05,0.00043212368220252003,0.00069478709687464,0.00459486531283164,0.00120715519987832,0.0020594406630459203,0.0011363806175568002,0.003198811755912081,0.0008213838849708802,0.0007780219929851601,0.00222341839250916,0.0,0.00021631104737704,0.0035078275378792804,0.0,0.0012041647245689601,0.00271734523110512,0.00201308829575084,0.0,0.0,0.0,0.0,0.0,0.0,0.0,0.0,0.0,0.0,-0.04061786990141221,-0.0024409127410055546,-0.1053568373704014,-0.501035297051136,0.0
320400,0.0,0.0,0.0,0.102206118168,0.0,0.0,0.0,0.0,0.0,0.0088681472765732,0.006218674478755199,0.006319984716134321,0.00255096376515904,0.010803312870750401,0.00662671663299184,0.00093420177417336,0.0024323794320056,0.005495496793500559,0.00822293645602968,0.0,0.00194356920833768,0.1145717966624,0.0021289155873216,0.00082448792263376,0.0,0.001995858363114,0.00027498493002904,0.0004598644415596,0.00028945782108320004,0.00128995477363368,0.00039917167262280004,0.00126381019624552,0.00674530096614528,0.0020621535414911203,0.00241790654095144,0.0019290963172835201,0.0007376505763088001,0.00043978914106512003,0.0,0.0001213855378736,0.0006797590120921601,0.0,0.0018366565615182402,0.0,0.00271576797619512,0.0,0.0,0.0,0.0,0.0011975150178684,0.0,0.00503843355666112,0.0038236444430184004,0.0033292318099101604,0.0,0.0007955421405254399,0.00557066245349152,0.00208269570943896,0.281382275944,0.0,0.00305144567516096,0.0,0.0032395932588650403,0.0,4.061746844232e-05,0.00040477408206312,0.00065081322998384,0.00430405105252584,0.00113075297203792,0.0019290963172835201,0.0010644577936608,0.0029963553156644807,0.0007693975631372801,0.00072878009469496,0.00208269570943896,0.0,0.00020262047475824,0.00328581313674768,0.0,0.00112795176731776,0.00254536135571872,0.0018856776441210402,0.0,0.0,0.0,0.0,0.0,0.0,0.0,0.0,0.0,0.0,-0.03413636159271447,-0.0033009946525241513,-0.09965511644410013,-0.5033740534111762,0.0
324000,0.0,0.0,0.0,0.1019537573824,0.0,0.0,0.0,0.0,0.0,0.0076697489959552,0.0053783130627072,0.005465932727467521,0.0022062389320294403,0.009343405726054401,0.00573121438529024,0.00080795829117696,0.0021036795087616,0.00475286209167616,0.00711172882683648,0.0,0.0016809247207244802,0.1156443300012,0.0018412242917376,0.0007130706357913601,0.0,0.0017261477735040001,0.00023782480434944,0.0003977205981056,0.0002503418993152,0.00111563656098048,0.00034522955470080006,0.0010930250345907201,0.00583377380855808,0.0017834841439923201,0.00209116241379584,0.0016684076257587202,0.0006379680659968001,0.00038035817605632004,0.0,0.0001049820868096,0.0005878996861337601,0.0,0.0015884597288806403,0.0,0.0023487723037363202,0.0,0.0,0.0,0.0,0.0010356886641024001,0.0,0.00435756415711232,0.0033069357345024003,0.0028793356193817605,0.0,0.00068803644585984,0.0048178702300467205,0.0018012503432985603,0.2800573818196,0.0,0.00263908815149056,0.0,0.00280181038604544,0.0,3.512862135552e-05,0.00035007488178432,0.0005628654962022401,0.00372242253191424,0.00097794851635712,0.0016684076257587202,0.0009206121458688,0.0025914424351692806,0.0006654249194700801,0.0006302962981145601,0.0018012503432985603,0.0,0.00017523932952064,0.00284178433448448,0.0,0.00097552585281536,0.00220139360494592,0.0016308563408614402,0.0,0.0,0.0,0.0,0.0,0.0,0.0,0.0,0.0,0.0,-0.024952244907456123,-0.00045488099419073794,-0.09003136465201447,-0.5052927281207732,0.0
327600,0.0,0.0,0.0,0.10390955347080001,0.0,0.0,0.0,0.0,0.0,0.0076697489959552,0.0053783130627072,0.005465932727467521,0.0022062389320294403,0.009343405726054401,0.00573121438529024,0.00080795829117696,0.0021036795087616,0.00475286209167616,0.00711172882683648,0.0,0.0016809247207244802,0.11463488685880001,0.0018412242917376,0.0007130706357913601,0.0,0.0017261477735040001,0.00023782480434944,0.0003977205981056,0.0002503418993152,0.00111563656098048,0.00034522955470080006,0.0010930250345907201,0.00583377380855808,0.0017834841439923201,0.00209116241379584,0.0016684076257587202,0.0006379680659968001,0.00038035817605632004,0.0,0.0001049820868096,0.0005878996861337601,0.0,0.0015884597288806403,0.0,0.0023487723037363202,0.0,0.0,0.0,0.0,0.0010356886641024001,0.0,0.00435756415711232,0.0033069357345024003,0.0028793356193817605,0.0,0.00068803644585984,0.0048178702300467205,0.0018012503432985603,0.27879557789160003,0.0,0.00263908815149056,0.0,0.00280181038604544,0.0,3.512862135552e-05,0.00035007488178432,0.0005628654962022401,0.00372242253191424,0.00097794851635712,0.0016684076257587202,0.0009206121458688,0.0025914424351692806,0.0006654249194700801,0.0006302962981145601,0.0018012503432985603,0.0,0.00017523932952064,0.00284178433448448,0.0,0.00097552585281536,0.00220139360494592,0.0016308563408614402,0.0,0.0,0.0,0.0,0.0,0.0,0.0,0.0,0.0,0.0,-0.023057427829202216,-0.0032277432657644594,-0.0866989704509072,-0.5074316261465607,0.0
331200,0.0,0.0,0.0,0.10264774954280001,0.0,0.0,0.0,0.0,0.0,0.010186385385253,0.007143072036407999,0.0072594419036678005,0.0029301610816016,0.012409210729916001,0.0076117691054636,0.0010730696054694,0.002793949347574,0.0063123949655073995,0.009445264848142199,0.0,0.0022324781447122,0.115455059412,0.0024453760124640003,0.0009470469381604001,0.0,0.0022925400116850002,0.0003158610682766,0.0005282226693589999,0.000332485335028,0.0014817048075522,0.00045850800233700005,0.0014516738740658,0.0077479808394912,0.0023686898787398003,0.0027773250808226,0.0022158538779608002,0.0008473013376520002,0.0005051632025748,0.0,0.000139429334044,0.0007808042706464001,0.0,0.0021096730774196,0.0,0.0031194632158998,0.0,0.0,0.0,0.0,0.001375524007011,0.0,0.0057873898961648,0.004392024022386001,0.0038241176194914006,0.0,0.0009137984046575999,0.0063987338992808,0.0023922856121934,0.2755779778752,0.0,0.0035050389511984,0.0,0.0037211544189666,0.0,4.66552002378e-05,0.0004649432023698,0.0007475557371436,0.0049438424251986,0.0012988378732868,0.0022158538779608002,0.0012226880062320001,0.0034417594842092005,0.0008837674711712001,0.0008371122709334001,0.0023922856121934,0.0,0.0002327397345196,0.0037742448192372,0.0,0.0012956202732704,0.0029237258815688,0.0021659810777066003,0.0,0.0,0.0,0.0,0.0,0.0,0.0,0.0,0.0,0.0,-0.03229842349571361,-0.013291586893856554,-0.1006248570035509,-0.5109258992033625,0.0
334800,0.0,0.0,0.0,0.10264774954280001,0.0,0.0,0.0,0.0,0.0,0.0115046234939328,0.0080674695940608,0.00819889909120128,0.0033093583980441602,0.014015108589081601,0.008596821577935359,0.00121193743676544,0.0031555192631424,0.00712929313751424,0.010667593240254718,0.0,0.00252138708108672,0.11444561626960001,0.0027618364376064,0.00106960595368704,0.0,0.002589221660256,0.00035673720652415995,0.0005965808971584,0.00037551284897280004,0.00167345484147072,0.0005178443320512001,0.0016395375518860802,0.00875066071283712,0.0026752262159884803,0.00313674362069376,0.0025026114386380804,0.0009569520989952001,0.0005705372640844801,0.0,0.0001574731302144,0.0008818495292006401,0.0,0.00238268959332096,0.0,0.00352315845560448,0.0,0.0,0.0,0.0,0.0015535329961536,0.0,0.0065363462356684806,0.0049604036017536005,0.00431900342907264,0.0,0.0010320546687897598,0.00722680534507008,0.0027018755149478403,0.2775337739636,0.0,0.00395863222723584,0.0,0.00420271557906816,0.0,5.269293203328e-05,0.00052511232267648,0.00084429824430336,0.00558363379787136,0.00146692277453568,0.0025026114386380804,0.0013809182188032,0.0038871636527539207,0.00099813737920512,0.0009454444471718401,0.0027018755149478403,0.0,0.00026285899428096,0.00426267650172672,0.0,0.00146328877922304,0.00330209040741888,0.00244628451129216,0.0,0.0,0.0,0.0,0.0,0.0,0.0,0.0,0.0,0.0,-0.0382314872997859,-0.01732758312514547,-0.10929762873495488,-0.5143840648229656,0.0
338400,0.0,0.022712470704000003,0.0,0.10542371818440001,0.0,0.0,0.0,0.0,0.0,0.014860138679663201,0.0104204815589952,0.01059024465946832,0.00427458793080704,0.018102848594230402,0.011104227871499839,0.0015654191891553602,0.0040758790482256,0.00920867030262256,0.01377897460199568,0.0,0.0032567916464036803,0.11608596137600001,0.0035673720652416004,0.0013815743568457602,0.0,0.003344411311164,0.00046078555842704,0.0007705836588296,0.0004850374299232,0.0021615458368996797,0.0006688822622328,0.00211773600451952,0.011302936754081281,0.0034555005289851203,0.0040516271767294405,0.0032325397749075205,0.0012360631278688003,0.00073694396610912,0.0,0.0002034027931936,0.0011390556418841601,0.0,0.0030776407247062403,0.0,0.00455074633848912,0.0,0.0,0.0,0.0,0.0020066467866984,0.0,0.008442780554405121,0.006407187985598401,0.005578712762552161,0.0,0.0013330706138534399,0.00933462357071552,0.0034899225401409605,0.282013177908,0.0,0.0051132332935129605,0.0,0.0054285076229630405,0.0,6.806170387632e-05,0.00067827008345712,0.00109055189889184,0.00721219365558384,0.00189477525044192,0.0032325397749075205,0.0017836860326208002,0.005020919718140481,0.0012892607814732802,0.00122119907759696,0.0034899225401409605,0.0,0.00033952620094624,0.00550595714806368,0.0,0.00189008133982976,0.00426520010958272,0.00315978416041904,0.0,0.0,0.0,0.0,0.0,0.0,0.0,0.0,0.0,0.0,-0.023517684608785082,-0.017759459876819563,0.10908981491026508,-0.8325072631975775,0.0
342000,0.0,0.022712470704000003,0.0,0.10523444759520001,0.0,0.0,0.0,0.0,0.0,0.0200132512863206,0.014034035648001599,0.014262668210735562,0.00575690471326432,0.024380449316423202,0.014954887536616718,0.00210826616603988,0.0054892887181748,0.012401999520467478,0.01855716740752644,0.0,0.00438616294314044,0.1172846751076,0.0048044446362528,0.0018606686902680801,0.0,0.004504166846487,0.0006205740988493199,0.0010378021856818,0.0006532358935256,0.00291111415130844,0.0009008333692974,0.0028521121996351604,0.01522250353170624,0.004653778938229961,0.00545662692349852,0.00435350114846416,0.0016646979222104002,0.00099249711564696,0.0,0.0002739376327688,0.00153405074350528,0.0,0.00414488710504792,0.0,0.0061288277300619596,0.0,0.0,0.0,0.0,0.0027025001078922,0.0,0.01137051897246496,0.0086290354322172,0.007513266381824281,0.0,0.0017953451009155197,0.01257163013152816,0.00470013761454468,0.282644079872,0.0,0.00688637064529568,0.0,0.0073109739760873205,0.0,9.166374634956e-05,0.00091347664465596,0.00146872715415272,0.00971319629421372,0.00255183440986936,0.00435350114846416,0.0024022223181264,0.006762045104269841,0.00173634314924224,0.00164467940289268,0.00470013761454468,0.0,0.00045726512546791996,0.00741528099779544,0.0,0.00254551277219008,0.00574426143790576,0.00425551576443532,0.0,0.0,0.0,0.0,0.0,0.0,0.0,0.0,0.0,0.0,-0.044607201877530034,-0.029323347827661633,0.058322458668549335,-0.8334183660186603,0.0
345600,0.0,0.039115921768,0.0,0.1032786515068,0.0,0.0,0.0,0.0,0.0,0.0160585369602812,0.011260842975043199,0.011444296648135122,0.00461931276393664,0.019562755738926404,0.01199973011920144,0.0016916626721517603,0.0044045789714696,0.00995130500444696,0.01489018223118888,0.0,0.0035194361340168804,0.0,0.0038550633608256005,0.0014929916436881602,0.0,0.0036141219007740006,0.00049794568410664,0.0008327275022836,0.0005241533516912001,0.00233586404955288,0.0007228243801548002,0.0022885211661743204,0.012214463911668482,0.0037341699264839207,0.00437837130388504,0.003493228466432321,0.0013357456381808003,0.00079637493111792,0.0,0.00021980624425760003,0.0012309149678425603,0.0,0.0033258375573438407,0.0,0.004917742010947921,0.0,0.0,0.0,0.0,0.0021684731404644003,0.0,0.00912364995395392,0.006923896694114401,0.006028608953080561,0.0,0.00144057630851904,0.010087415794160321,0.0037713679062813606,0.2800573818196,0.0,0.00552559081718336,0.0,0.00586629049578264,0.0,7.355055096312e-05,0.00073296928373592,0.00117849963267344,0.007793822176195441,0.00204757970612272,0.003493228466432321,0.0019275316804128002,0.005425832598635681,0.0013932334251404803,0.0013196828741773602,0.0037713679062813606,0.0,0.00036690734618384003,0.00594998595032688,0.0,0.00204250725433216,0.00460916786035552,0.0034146054636786404,0.0,0.0,0.0,0.0,0.0,0.0,0.0,0.0,0.0,0.0,0.016306821806386627,-0.009188650343350492,0.1386553721752409,-0.8259153491880742,0.0
349200,0.0,0.039115921768,0.0,0.10763187505840001,0.0,0.0,0.0,0.0,0.0,0.0232489266439892,0.0163030114713312,0.01656860858013592,0.00668766176271424,0.028322198607102403,0.01737274360541104,0.00244912357013016,0.0063767785109336,0.014407113215393359,0.02155742800634808,0.0,0.00509530305969608,0.0,0.0055812111343296,0.00216149536474256,0.0,0.005232385438434,0.00072090643818424,0.0012055905630076,0.0007588488822992001,0.0033817733254720797,0.0010464770876868002,0.0033132321361031202,0.01768362685719168,0.005406186311476721,0.0063388360668186405,0.00505736061558112,0.0019338407000528003,0.0011529607211707201,0.0,0.0003182269506416,0.00178207092359296,0.0,0.00481501855316944,0.0,0.00711971604570072,0.0,0.0,0.0,0.0,0.0031394312630604,0.0,0.01320886635124672,0.010024148945210401,0.00872798609625096,0.0,0.0020856104765126396,0.01460416913482912,0.005460040103123761,0.2858616798884,0.0,0.00799973595920576,0.0,0.008492987732700241,0.0,0.00010648363348392,0.00106116448540872,0.0017061860353630401,0.01128359329986504,0.00296440644020752,0.00505736061558112,0.0027906055671648,0.00785530988160688,0.00201706928714368,0.00191058565365976,0.005460040103123761,0.0,0.0005311942176094399,0.00861415876390608,0.0,0.00295706274134656,0.00667297436499232,0.00494353328323624,0.0,0.0,0.0,0.0,0.0,0.0,0.0,0.0,0.0,0.0,0.05753062646631945,-0.014157356015123948,0.1860300204176484,-0.8201740170853336,-0.21491211608299002
352800,0.0,0.039115921768,0.0,0.1084520476116,0.0,0.0,0.0,0.0,0.0,0.0174966148970228,0.012269276674300798,0.012469159034535281,0.00503298256369216,0.021314644312561602,0.013074332816443358,0.00184315485174744,0.0047990188793624,0.01084246664663624,0.016223631386220717,0.0,0.00383460951915272,0.0,0.0042002929155264,0.00162669238789904,0.0,0.003937774608306,0.00054253783492216,0.0009073001144284,0.0005710924578128001,0.0025450459047367197,0.0007875549216612,0.00249346336016008,0.01330829650077312,0.004068573203482481,0.00477046425647176,0.0038060548962620803,0.0014553646505552002,0.0008676920891284801,0.0,0.0002394903855344,0.0013411461589926401,0.0,0.00362367375650896,0.0,0.00535813681789848,0.0,0.0,0.0,0.0,0.0023626647649836,0.0,0.00994069323341248,0.0075439471443336,0.006568484381714641,0.0,0.0015695831421177599,0.01099076646229408,0.00410910234564984,0.28459987596040004,0.0,0.00602041984558784,0.0,0.00639162994316616,0.0,8.013716746728e-05,0.00079860832407048,0.00128403691321136,0.00849177640092936,0.00223094505293968,0.0038060548962620803,0.0021001464577632,0.005911728055229921,0.0015180005975411201,0.00143786343007384,0.00410910234564984,0.0,0.00039976472046896,0.00648282051304272,0.0,0.00222541835173504,0.00502192916128288,0.00372039102759016,0.0,0.0,0.0,0.0,0.0,0.0,0.0,0.0,0.0,0.0,0.07524124744637178,0.011646375422268918,0.22308804664823437,-0.8145861850438638,-0.20832388329426507
356400,0.0,0.039115921768,0.0,0.1084520476116,0.0,0.0,0.0,0.0,0.0,0.0172569352408992,0.012101204391091198,0.01229834863680192,0.00496403759706624,0.021022662883622402,0.012895232366903039,0.0018179061551481602,0.0047332788947136,0.010693939706271359,0.01600138986038208,0.0,0.00378208062163008,0.0,0.0041427546564096005,0.00160440893053056,0.0,0.003883832490384,0.0005351058097862399,0.0008948713457376,0.0005632692734592,0.00251018226220608,0.0007767664980768001,0.0024593063278291203,0.013125991069255681,0.004012839323982721,0.00470511543104064,0.0037539171579571203,0.0014354281484928002,0.00085580589612672,0.0,0.0002362096953216,0.0013227742938009602,0.0,0.00357403438998144,0.0,0.0052847376834067195,0.0,0.0,0.0,0.0,0.0023302994942304,0.0,0.00980451935350272,0.007440605402630401,0.0064785051436089605,0.0,0.0015480820031846397,0.01084020801760512,0.00405281327242176,0.28907927990480003,0.0,0.00593794834085376,0.0,0.00630407336860224,0.0,7.903939804992e-05,0.00078766848401472,0.0012664473664550401,0.00837545069680704,0.00220038416180352,0.0037539171579571203,0.0020713773282048003,0.005830745479130881,0.00149720606880768,0.00141816667075776,0.00405281327242176,0.0,0.00039428849142143996,0.00639401475259008,0.0,0.00219493316883456,0.00495313561112832,0.0036694267669382403,0.0,0.0,0.0,0.0,0.0,0.0,0.0,0.0,0.0,0.0,0.07112786198830393,0.012993173105019452,0.22118613338303159,-0.8119539391366194,-0.20692091493441345
360000,0.0,0.039115921768,0.0,0.11299454175240001,0.0,0.0,0.0,0.0,0.0,0.0091078269326968,0.0063867467619648,0.006490795113867681,0.00261990873178496,0.011095294299689602,0.0068058170825321595,0.0009594504707726401,0.0024981194166544003,0.00564402373386544,0.00844517798186832,0.0,0.00199609810586032,0.0,0.0021864538464384,0.0008467713800022401,0.0,0.002049800481036,0.00028241695516496,0.0004722932102504,0.00029728100543680003,0.00132481841616432,0.00040996009620720004,0.0012979672285764801,0.006927606397662721,0.0021178874209908803,0.0024832553663825603,0.00198123405558848,0.0007575870783712002,0.00045167533406688,0.0,0.0001246662280864,0.0006981308772838401,0.0,0.00188629592804576,0.0,0.00278916711068688,0.0,0.0,0.0,0.0,0.0012298802886216,0.0,0.0051746074365708805,0.0039269861847216,0.0034192110480158406,0.0,0.00081704327945856,0.0057212208981804805,0.00213898478266704,0.2858616798884,0.0,0.0031339171798950402,0.0,0.00332714983342896,0.0,4.171523785968e-05,0.00041571392211888,0.00066840277674016,0.00442037675664816,0.00116131386317408,0.00198123405558848,0.0010932269232192,0.0030773378917635205,0.0007901920918707201,0.00074847685401104,0.00213898478266704,0.0,0.00020809670380576,0.0033746188972003203,0.0,0.00115843695021824,0.00261415490587328,0.0019366419047729601,0.0,0.0,0.0,0.0,0.0,0.0,0.0,0.0,0.0,0.0,0.042235942054694796,0.024245736059894378,0.03937816511838409,-0.48499060868327015,-0.20499383045559405
363600,0.0,0.022712470704000003,0.0,0.11476106725160001,0.0,0.0,0.0,0.0,0.0,0.0110252641816856,0.0077313250276416,0.00785727829573456,0.0031714684647923203,0.013431145731203202,0.00823862067885472,0.00116144004356688,0.0030240392938448,0.00683223925678448,0.01022311018857744,0.0,0.00241632928604144,0.0769069494116,0.0026467599193728004,0.00102503903895008,0.0,0.0024813374244120005,0.00034187315625232,0.0005717233597768,0.00035986648026560005,0.0016037275564094401,0.0004962674848824001,0.0015712234872241602,0.00838604984980224,0.0025637584569889603,0.0030060459698315204,0.0023983359620281604,0.0009170790948704002,0.0005467648780809601,0.0,0.00015091174978880002,0.0008451057988172802,0.0,0.00228341086026592,0.0,0.00337636018662096,0.0,0.0,0.0,0.0,0.0014888024546472,0.0,0.006263998475848961,0.0047537201183472004,0.004139044952861281,0.0,0.00098905239092352,0.00692568845569216,0.0025892973684916803,0.28907927990480003,0.0,0.0037936892177676805,0.0,0.00402760242994032,0.0,5.049739319856e-05,0.0005032326425649601,0.00080911915079072,0.00535098238962672,0.00140580099226336,0.0023983359620281604,0.0013233799596864002,0.003725198500555841,0.0009565483217382402,0.0009060509285396801,0.0025892973684916803,0.0,0.00025190653618592003,0.00408506498082144,0.0,0.00140231841342208,0.0031645033071097603,0.0023443559899883203,0.0,0.0,0.0,0.0,0.0,0.0,0.0,0.0,0.0,0.0,0.02455472932942066,0.016166330846652033,-0.026229751789051424,-0.48819292292072,-0.2066795426032011
367200,0.0,0.022712470704000003,0.0,0.1121112790028,0.0,0.0,0.0,0.0,0.0,0.010186385385253,0.007143072036407999,0.0072594419036678005,0.0029301610816016,0.012409210729916001,0.0076117691054636,0.0010730696054694,0.002793949347574,0.0063123949655073995,0.009445264848142199,0.0,0.0022324781447122,0.0,0.0024453760124640003,0.0009470469381604001,0.0,0.0022925400116850002,0.0003158610682766,0.0005282226693589999,0.000332485335028,0.0014817048075522,0.00045850800233700005,0.0014516738740658,0.0077479808394912,0.0023686898787398003,0.0027773250808226,0.0022158538779608002,0.0008473013376520002,0.0005051632025748,0.0,0.000139429334044,0.0007808042706464001,0.0,0.0021096730774196,0.0,0.0031194632158998,0.0,0.0,0.0,0.0,0.001375524007011,0.0,0.0057873898961648,0.004392024022386001,0.0038241176194914006,0.0,0.0009137984046575999,0.0063987338992808,0.0023922856121934,0.2884483779408,0.0,0.0035050389511984,0.0,0.0037211544189666,0.0,4.66552002378e-05,0.0004649432023698,0.0007475557371436,0.0049438424251986,0.0012988378732868,0.0022158538779608002,0.0012226880062320001,0.0034417594842092005,0.0008837674711712001,0.0008371122709334001,0.0023922856121934,0.0,0.0002327397345196,0.0037742448192372,0.0,0.0012956202732704,0.0029237258815688,0.0021659810777066003,0.0,0.0,0.0,0.0,0.0,0.0,0.0,0.0,0.0,0.0,0.028691637457542163,0.01701797653773521,0.05669855952641336,-0.4837177361684071,-0.20542254476736718
370800,0.0,0.0,0.0,0.1162121417688,0.0,0.0,0.0,0.0,0.0,0.0128228616026126,0.0089918671517136,0.009138356278734761,0.0036885557144867203,0.015621006448247203,0.00958187405040712,0.0013508052680614802,0.0035170891787108002,0.00794619130952108,0.01188992163236724,0.0,0.0028102960174612402,0.0,0.0030782968627488002,0.0011921649692136801,0.0,0.0028859033088270004,0.00039761334477172,0.0006649391249578,0.00041854036291760007,0.0018652048753892401,0.0005771806617654001,0.0018274012297063603,0.00975334058618304,0.0029817625532371603,0.0034961621605649204,0.0027893689993153605,0.0010666028603384002,0.0006359113255941601,0.0,0.00017551692638480003,0.0009828947877548802,0.0,0.0026557061092223203,0.0,0.00392685369530916,0.0,0.0,0.0,0.0,0.0017315419852962002,0.0,0.007285302575172161,0.005528783181121201,0.004813889238653881,0.0,0.00115031093292192,0.008054876790859361,0.0030114654177022804,0.2910350759932,0.0,0.00441222550327328,0.0,0.0046842767391697205,0.0,5.873066382876e-05,0.00058528144298316,0.0009410407514631201,0.006223425170544121,0.00163500767578456,0.0027893689993153605,0.0015391484313744001,0.004332567821298641,0.0011125072872390403,0.0010537766234102802,0.0030114654177022804,0.0,0.00029297825404232,0.004751108184216241,0.0,0.00163095728517568,0.0036804549332689605,0.0027265879448777203,0.0,0.0,0.0,0.0,0.0,0.0,0.0,0.0,0.0,0.0,0.013708451434315072,0.00819505079446332,0.05492595933685058,-0.4825455663156124,-0.2072983816592369
374400,0.0,0.0,0.0,0.114508706466,0.0,0.0,0.0,0.0,0.0,0.0115046234939328,0.0080674695940608,0.00819889909120128,0.0033093583980441602,0.014015108589081601,0.008596821577935359,0.00121193743676544,0.0031555192631424,0.00712929313751424,0.010667593240254718,0.0,0.00252138708108672,0.0,0.0027618364376064,0.00106960595368704,0.0,0.002589221660256,0.00035673720652415995,0.0005965808971584,0.00037551284897280004,0.00167345484147072,0.0005178443320512001,0.0016395375518860802,0.00875066071283712,0.0026752262159884803,0.00313674362069376,0.0025026114386380804,0.0009569520989952001,0.0005705372640844801,0.0,0.0001574731302144,0.0008818495292006401,0.0,0.00238268959332096,0.0,0.00352315845560448,0.0,0.0,0.0,0.0,0.0015535329961536,0.0,0.0065363462356684806,0.0049604036017536005,0.00431900342907264,0.0,0.0010320546687897598,0.00722680534507008,0.0027018755149478403,0.2929277818852,0.0,0.00395863222723584,0.0,0.00420271557906816,0.0,5.269293203328e-05,0.00052511232267648,0.00084429824430336,0.00558363379787136,0.00146692277453568,0.0025026114386380804,0.0013809182188032,0.0038871636527539207,0.00099813737920512,0.0009454444471718401,0.0027018755149478403,0.0,0.00026285899428096,0.00426267650172672,0.0,0.00146328877922304,0.00330209040741888,0.00244628451129216,0.0,0.0,0.0,0.0,0.0,0.0,0.0,0.0,0.0,0.0,0.0205305602507115,0.010834211630379108,0.06283830752785391,-0.48045445773367385,-0.20579873423332243
378000,0.0,0.0,0.0,0.11513960843000001,0.0,0.0,0.0,0.0,0.0,0.013182381086798001,0.009243975576528,0.009394571875334802,0.0037919731644256004,0.016058978591656003,0.0098505247247176,0.0013886783129604002,0.0036156991556840004,0.008168981720068401,0.0122232839211252,0.0,0.0028890893637452003,0.11772630648240001,0.0031646042514240002,0.0012255901552664001,0.0,0.0029668164857100006,0.0004087613824756,0.0006835822779940001,0.00043027513944800006,0.0019175003391852,0.0005933632971420001,0.0018786367782028003,0.010026798733459201,0.0030653633724868007,0.0035941853987116004,0.0028675756067728007,0.0010965076134320003,0.0006537406150968001,0.0,0.00018043796170400003,0.0010104525855424002,0.0,0.0027301651590136006,0.0,0.004036952397046801,0.0,0.0,0.0,0.0,0.0017800898914260002,0.0,0.007489563395036801,0.005683795793676001,0.004948858095812401,0.0,0.0011825626413216,0.008280714457892802,0.0030958990275444004,0.2929277818852,0.0,0.004535932760374401,0.0,0.004815611601015601,0.0,6.03773179548e-05,0.0006016912030668,0.0009674250715976001,0.006397913726727601,0.0016808490124888,0.0028675756067728007,0.0015823021257120001,0.004454041685447201,0.0011436990803392003,0.0010833217623844001,0.0030958990275444004,0.0,0.00030119259761360003,0.0048843168248952,0.0,0.0016766850595264001,0.0037836452585008006,0.0028030343358556005,0.0,0.0,0.0,0.0,0.0,0.0,0.0,0.0,0.0,0.0,-0.0009864136985673689,0.004725843606028209,-0.0478309776087462,-0.4858468233266634,-0.20739177017333577
381600,0.0,0.0,0.0,0.1170954045184,0.0,0.0,0.0,0.0,0.0,0.012942701430674402,0.0090759032933184,0.009223761477601441,0.0037230281977996805,0.015766997162716803,0.00967142427517728,0.0013634296163611201,0.0035499591710352004,0.00802045477970352,0.01200104239528656,0.0,0.0028365604662225602,0.1158336005904,0.0031070659923072004,0.0012033066978979201,0.0,0.0029128743677880003,0.00040132935733968,0.0006711535093032,0.00042245195509440006,0.00188263669665456,0.0005825748735576002,0.0018444797458718404,0.00984449330194176,0.0030096294929870407,0.0035288365732804804,0.0028154378684678407,0.0010765711113696003,0.0006418544220950401,0.0,0.00017715727149120002,0.0009920807203507203,0.0,0.0026805257924860802,0.0,0.00396355326255504,0.0,0.0,0.0,0.0,0.0017477246206728002,0.0,0.007353389515127041,0.0055804540519728005,0.004858878857706721,0.0,0.00116106150238848,0.00813015601320384,0.0030396099543163204,0.28971018186880004,0.0,0.00445346125564032,0.0,0.00472805502645168,0.0,5.9279548537440005e-05,0.0005907513630110401,0.0009498355248412801,0.006281588022605281,0.0016502881213526401,0.0028154378684678407,0.0015535329961536002,0.004373059109348161,0.0011229045516057603,0.00106362500306832,0.0030396099543163204,0.0,0.00029571636856608,0.00479551106444256,0.0,0.0016461998766259202,0.0037148517083462405,0.0027520700752036806,0.0,0.0,0.0,0.0,0.0,0.0,0.0,0.0,0.0,0.0,-0.0019399388020451779,0.004475997807049423,-0.03876069858493199,-0.4867682334922296,-0.20733664113815103
385200,0.0,0.022712470704000003,0.0,0.1136254437164,0.0,0.0,0.0,0.0,0.0,0.014260939539354199,0.010000300850971198,0.010163218665134921,0.00410222551424224,0.0173728950218824,0.01065647674764904,0.0015022974476571601,0.0039115290866036,0.00883735295171036,0.013223370787399078,0.0,0.00312546940259708,0.1146979770552,0.0034235264174496,0.0013258657134245602,0.0,0.0032095560163590002,0.00044220549558723996,0.0007395117371026,0.00046547946903920004,0.00207438673057308,0.0006419112032718,0.0020323434236921203,0.01084717317528768,0.0033161658302357203,0.00388825511315164,0.0031021954291451203,0.0011862218727128001,0.00070722848360472,0.0,0.0001952010676616,0.00109312597890496,0.0,0.00295354230838744,0.0,0.00436724850225972,0.0,0.0,0.0,0.0,0.0019257336098154,0.0,0.00810234585463072,0.0061488336313404,0.005353764667287961,0.0,0.0012793177665206398,0.00895822745899312,0.00334919985707076,0.2910350759932,0.0,0.00490705453167776,0.0,0.00520961618655324,0.0,6.531728033292e-05,0.00065092048331772,0.00104657803200104,0.0069213793952780395,0.00181837302260152,0.0031021954291451203,0.0017117632087248,0.004818463277892881,0.00123727445963968,0.00117195717930676,0.00334919985707076,0.0,0.00032583562832744,0.00528394274693208,0.0,0.00181386838257856,0.00409321623419632,0.00303237350878924,0.0,0.0,0.0,0.0,0.0,0.0,0.0,0.0,0.0,0.0,-0.01238447691618008,-0.0011162947822894505,-0.06009580782358895,-0.4886052488059277,-0.20871311081389063
388800,0.0,0.022712470704000003,0.0,0.11476106725160001,0.0,0.0,0.0,0.0,0.0,0.0139014200551688,0.009748192426156798,0.00990700306853488,0.00399880806430336,0.0169349228784736,0.010387826073338558,0.00146442440275824,0.0038129191096304,0.008614562541163039,0.01289000849864112,0.0,0.00304667605631312,0.1146979770552,0.0033372190287744,0.00129244052737184,0.0,0.003128642839476,0.00043105745788335996,0.0007208685840663999,0.0004537446925088,0.0020220912667771197,0.0006257285678952,0.00198110787519568,0.01057371502801152,0.0032325650109860803,0.00379023187500496,0.00302398882168768,0.0011563171196192002,0.00068939919410208,0.0,0.0001902800323424,0.00106556818111744,0.0,0.00287908325859616,0.0,0.00425714980052208,0.0,0.0,0.0,0.0,0.0018771857036856,0.0,0.00789808503476608,0.0059938210187856006,0.00521879581012944,0.0,0.0012470660581209599,0.00873238979195968,0.00326476624722864,0.2858616798884,0.0,0.0047833472745766395,0.0,0.00507828132470736,0.0,6.367062620688e-05,0.00063451072323408,0.00102019371186656,0.00674689083909456,0.0017725316858972799,0.00302398882168768,0.0016686095143872,0.00469698941374432,0.00120608266653952,0.00114241204033264,0.00326476624722864,0.0,0.00031762128475616,0.00515073410625312,0.0,0.00176814060822784,0.0039900259089644795,0.00295592711781136,0.0,0.0,0.0,0.0,0.0,0.0,0.0,0.0,0.0,0.0,-0.00883072723297085,5.379309141823518e-05,-0.05368207197570827,-0.48996430030623866,-0.20868468439231314
392400,0.0,0.022712470704000003,0.0,0.1093353103612,0.0,0.0,0.0,0.0,0.0,0.012942701430674402,0.0090759032933184,0.009223761477601441,0.0037230281977996805,0.015766997162716803,0.00967142427517728,0.0013634296163611201,0.0035499591710352004,0.00802045477970352,0.01200104239528656,0.0,0.0028365604662225602,0.11495033784080001,0.0031070659923072004,0.0012033066978979201,0.0,0.0029128743677880003,0.00040132935733968,0.0006711535093032,0.00042245195509440006,0.00188263669665456,0.0005825748735576002,0.0018444797458718404,0.00984449330194176,0.0030096294929870407,0.0035288365732804804,0.0028154378684678407,0.0010765711113696003,0.0006418544220950401,0.0,0.00017715727149120002,0.0009920807203507203,0.0,0.0026805257924860802,0.0,0.00396355326255504,0.0,0.0,0.0,0.0,0.0017477246206728002,0.0,0.007353389515127041,0.0055804540519728005,0.004858878857706721,0.0,0.00116106150238848,0.00813015601320384,0.0030396099543163204,0.2852307779244,0.0,0.00445346125564032,0.0,0.00472805502645168,0.0,5.9279548537440005e-05,0.0005907513630110401,0.0009498355248412801,0.006281588022605281,0.0016502881213526401,0.0028154378684678407,0.0015535329961536002,0.004373059109348161,0.0011229045516057603,0.00106362500306832,0.0030396099543163204,0.0,0.00029571636856608,0.00479551106444256,0.0,0.0016461998766259202,0.0037148517083462405,0.0027520700752036806,0.0,0.0,0.0,0.0,0.0,0.0,0.0,0.0,0.0,0.0,0.0002865834668487181,0.00215547846816869,-0.04320486690204722,-0.4910369084216286,-0.20811951067444992
396000,0.0,0.022712470704000003,0.0,0.1049820868096,0.0,0.0,0.0,0.0,0.0,0.0115046234939328,0.0080674695940608,0.00819889909120128,0.0033093583980441602,0.014015108589081601,0.008596821577935359,0.00121193743676544,0.0031555192631424,0.00712929313751424,0.010667593240254718,0.0,0.00252138708108672,0.11495033784080001,0.0027618364376064,0.00106960595368704,0.0,0.002589221660256,0.00035673720652415995,0.0005965808971584,0.00037551284897280004,0.00167345484147072,0.0005178443320512001,0.0016395375518860802,0.00875066071283712,0.0026752262159884803,0.00313674362069376,0.0025026114386380804,0.0009569520989952001,0.0005705372640844801,0.0,0.0001574731302144,0.0008818495292006401,0.0,0.00238268959332096,0.0,0.00352315845560448,0.0,0.0,0.0,0.0,0.0015535329961536,0.0,0.0065363462356684806,0.0049604036017536005,0.00431900342907264,0.0,0.0010320546687897598,0.00722680534507008,0.0027018755149478403,0.2806882837836,0.0,0.00395863222723584,0.0,0.00420271557906816,0.0,5.269293203328e-05,0.00052511232267648,0.00084429824430336,0.00558363379787136,0.00146692277453568,0.0025026114386380804,0.0013809182188032,0.0038871636527539207,0.00099813737920512,0.0009454444471718401,0.0027018755149478403,0.0,0.00026285899428096,0.00426267650172672,0.0,0.00146328877922304,0.00330209040741888,0.00244628451129216,0.0,0.0,0.0,0.0,0.0,0.0,0.0,0.0,0.0,0.0,0.01032167017291711,0.006129255864633388,-0.02560096203149334,-0.4917662392165128,-0.20703052813439615
399600,0.0,0.022712470704000003,0.0,0.102206118168,0.0,0.0,0.0,0.0,0.0,0.0099467057291294,0.0069749997531983994,0.007088631505934441,0.00286121611497568,0.012117229300976801,0.007432668655923279,0.00104782090887012,0.0027282093629252,0.0061638680251425194,0.00922302332230356,0.0,0.00217994924718956,0.11463488685880001,0.0023878377533472,0.00092476348079192,0.0,0.002238597893763,0.00030842904314068,0.0005157939006681999,0.0003246621506744,0.00144684116502156,0.0004477195787526,0.00141751684173484,0.00756567540797376,0.0023129559992400403,0.00271197625539148,0.0021637161396558403,0.0008273648355896001,0.00049327700957304,0.0,0.0001361486438312,0.0007624324054547201,0.0,0.00206003371089208,0.0,0.00304606408140804,0.0,0.0,0.0,0.0,0.0013431587362578,0.0,0.00565121601625504,0.0042886822806828,0.0037341383813857204,0.0,0.0008922972657244799,0.00624817545459184,0.00233599653896532,0.2800573818196,0.0,0.00342256744646432,0.0,0.0036335978444026803,0.0,4.5557430820439996e-05,0.00045400336231404,0.00072996619038728,0.00482751672107628,0.00126827698215064,0.0021637161396558403,0.0011939188766736,0.0033607769081101606,0.00086297294243776,0.00081741551161732,0.00233599653896532,0.0,0.00022726350547207997,0.00368543905878456,0.0,0.00126513509036992,0.00285493233141424,0.00211501681705468,0.0,0.0,0.0,0.0,0.0,0.0,0.0,0.0,0.0,0.0,-0.05111956761248805,-0.0019061354156371902,-0.12673053314869182,-0.49946848396909027,0.0
403200,0.0,0.0,0.0,0.1017644867932,0.0,0.0,0.0,0.0,0.0,0.0094673464168822,0.0066388551867792,0.0067470107104677214,0.0027233261817238403,0.011533266443098402,0.00707446775684264,0.0009973235156715602,0.0025967293936276,0.00586681414441276,0.00877854027062628,0.0,0.00207489145214428,0.1150765182336,0.0022727612351136003,0.0008801965660549601,0.0,0.0021307136579190003,0.00029356499286884,0.0004909363632866,0.0003090157819672,0.0013771138799602801,0.00042614273158380006,0.0013492027770729202,0.0072010645449388806,0.0022014882402405203,0.0025812786045292403,0.0020594406630459203,0.0007874918314648002,0.00046950462356952006,0.0,0.0001295872634056,0.0007256886750713601,0.0,0.0019607549778370404,0.0,0.0028992658124245203,0.0,0.0,0.0,0.0,0.0012784281947514002,0.0,0.005378868256435521,0.0040819987972764,0.0035541799051743606,0.0,0.00084929498785824,0.005947058565213921,0.00222341839250916,0.2806882837836,0.0,0.0032576244369961604,0.0,0.0034584846952748403,0.0,4.336189198572e-05,0.00043212368220252003,0.00069478709687464,0.00459486531283164,0.00120715519987832,0.0020594406630459203,0.0011363806175568002,0.003198811755912081,0.0008213838849708802,0.0007780219929851601,0.00222341839250916,0.0,0.00021631104737704,0.0035078275378792804,0.0,0.0012041647245689601,0.00271734523110512,0.00201308829575084,0.0,0.0,0.0,0.0,0.0,0.0,0.0,0.0,0.0,0.0,-0.040617329902046556,-0.0024406086440664984,-0.10535460016534949,-0.5010383783524927,0.0
406800,0.0,0.0,0.0,0.102206118168,0.0,0.0,0.0,0.0,0.0,0.0088681472765732,0.006218674478755199,0.006319984716134321,0.00255096376515904,0.010803312870750401,0.00662671663299184,0.00093420177417336,0.0024323794320056,0.005495496793500559,0.00822293645602968,0.0,0.00194356920833768,0.1145717966624,0.0021289155873216,0.00082448792263376,0.0,0.001995858363114,0.00027498493002904,0.0004598644415596,0.00028945782108320004,0.00128995477363368,0.00039917167262280004,0.00126381019624552,0.00674530096614528,0.0020621535414911203,0.00241790654095144,0.0019290963172835201,0.0007376505763088001,0.00043978914106512003,0.0,0.0001213855378736,0.0006797590120921601,0.0,0.0018366565615182402,0.0,0.00271576797619512,0.0,0.0,0.0,0.0,0.0011975150178684,0.0,0.00503843355666112,0.0038236444430184004,0.0033292318099101604,0.0,0.0007955421405254399,0.00557066245349152,0.00208269570943896,0.281382275944,0.0,0.00305144567516096,0.0,0.0032395932588650403,0.0,4.061746844232e-05,0.00040477408206312,0.00065081322998384,0.00430405105252584,0.00113075297203792,0.0019290963172835201,0.0010644577936608,0.0029963553156644807,0.0007693975631372801,0.00072878009469496,0.00208269570943896,0.0,0.00020262047475824,0.00328581313674768,0.0,0.00112795176731776,0.00254536135571872,0.0018856776441210402,0.0,0.0,0.0,0.0,0.0,0.0,0.0,0.0,0.0,0.0,-0.03413577654633101,-0.00330073905107848,-0.09965293356042046,-0.503377076942685,0.0
410400,0.0,0.0,0.0,0.1019537573824,0.0,0.0,0.0,0.0,0.0,0.0076697489959552,0.0053783130627072,0.005465932727467521,0.0022062389320294403,0.009343405726054401,0.00573121438529024,0.00080795829117696,0.0021036795087616,0.00475286209167616,0.00711172882683648,0.0,0.0016809247207244802,0.1156443300012,0.0018412242917376,0.0007130706357913601,0.0,0.0017261477735040001,0.00023782480434944,0.0003977205981056,0.0002503418993152,0.00111563656098048,0.00034522955470080006,0.0010930250345907201,0.00583377380855808,0.0017834841439923201,0.00209116241379584,0.0016684076257587202,0.0006379680659968001,0.00038035817605632004,0.0,0.0001049820868096,0.0005878996861337601,0.0,0.0015884597288806403,0.0,0.0023487723037363202,0.0,0.0,0.0,0.0,0.0010356886641024001,0.0,0.00435756415711232,0.0033069357345024003,0.0028793356193817605,0.0,0.00068803644585984,0.0048178702300467205,0.0018012503432985603,0.2800573818196,0.0,0.00263908815149056,0.0,0.00280181038604544,0.0,3.512862135552e-05,0.00035007488178432,0.0005628654962022401,0.00372242253191424,0.00097794851635712,0.0016684076257587202,0.0009206121458688,0.0025914424351692806,0.0006654249194700801,0.0006302962981145601,0.0018012503432985603,0.0,0.00017523932952064,0.00284178433448448,0.0,0.00097552585281536,0.00220139360494592,0.0016308563408614402,0.0,0.0,0.0,0.0,0.0,0.0,0.0,0.0,0.0,0.0,-0.02495160641483188,-0.00045467344403942985,-0.09002923439716973,-0.5052957044183934,0.0
414000,0.0,0.0,0.0,0.10390955347080001,0.0,0.0,0.0,0.0,0.0,0.0076697489959552,0.0053783130627072,0.005465932727467521,0.0022062389320294403,0.009343405726054401,0.00573121438529024,0.00080795829117696,0.0021036795087616,0.00475286209167616,0.00711172882683648,0.0,0.0016809247207244802,0.11463488685880001,0.0018412242917376,0.0007130706357913601,0.0,0.0017261477735040001,0.00023782480434944,0.0003977205981056,0.0002503418993152,0.00111563656098048,0.00034522955470080006,0.0010930250345907201,0.00583377380855808,0.0017834841439923201,0.00209116241379584,0.0016684076257587202,0.0006379680659968001,0.00038035817605632004,0.0,0.0001049820868096,0.0005878996861337601,0.0,0.0015884597288806403,0.0,0.0023487723037363202,0.0,0.0,0.0,0.0,0.0010356886641024001,0.0,0.00435756415711232,0.0033069357345024003,0.0028793356193817605,0.0,0.00068803644585984,0.0048178702300467205,0.0018012503432985603,0.27879557789160003,0.0,0.00263908815149056,0.0,0.00280181038604544,0.0,3.512862135552e-05,0.00035007488178432,0.0005628654962022401,0.00372242253191424,0.00097794851635712,0.0016684076257587202,0.0009206121458688,0.0025914424351692806,0.0006654249194700801,0.0006302962981145601,0.0018012503432985603,0.0,0.00017523932952064,0.00284178433448448,0.0,0.00097552585281536,0.00220139360494592,0.0016308563408614402,0.0,0.0,0.0,0.0,0.0,0.0,0.0,0.0,0.0,0.0,-0.023056812426630522,-0.0032275357652355005,-0.08669687644208669,-0.5074345430584819,0.0
417600,0.0,0.0,0.0,0.10264774954280001,0.0,0.0,0.0,0.0,0.0,0.010186385385253,0.007143072036407999,0.0072594419036678005,0.0029301610816016,0.012409210729916001,0.0076117691054636,0.0010730696054694,0.002793949347574,0.0063123949655073995,0.009445264848142199,0.0,0.0022324781447122,0.115455059412,0.0024453760124640003,0.0009470469381604001,0.0,0.0022925400116850002,0.0003158610682766,0.0005282226693589999,0.000332485335028,0.0014817048075522,0.00045850800233700005,0.0014516738740658,0.0077479808394912,0.0023686898787398003,0.0027773250808226,0.0022158538779608002,0.0008473013376520002,0.0005051632025748,0.0,0.000139429334044,0.0007808042706464001,0.0,0.0021096730774196,0.0,0.0031194632158998,0.0,0.0,0.0,0.0,0.001375524007011,0.0,0.0057873898961648,0.004392024022386001,0.0038241176194914006,0.0,0.0009137984046575999,0.0063987338992808,0.0023922856121934,0.2755779778752,0.0,0.0035050389511984,0.0,0.0037211544189666,0.0,4.66552002378e-05,0.0004649432023698,0.0007475557371436,0.0049438424251986,0.0012988378732868,0.0022158538779608002,0.0012226880062320001,0.0034417594842092005,0.0008837674711712001,0.0008371122709334001,0.0023922856121934,0.0,0.0002327397345196,0.0037742448192372,0.0,0.0012956202732704,0.0029237258815688,0.0021659810777066003,0.0,0.0,0.0,0.0,0.0,0.0,0.0,0.0,0.0,0.0,-0.03229785755584742,-0.013291379988317727,-0.10062280558853666,-0.5109287234637816,0.0
421200,0.0,0.0,0.0,0.10264774954280001,0.0,0.0,0.0,0.0,0.0,0.0115046234939328,0.0080674695940608,0.00819889909120128,0.0033093583980441602,0.014015108589081601,0.008596821577935359,0.00121193743676544,0.0031555192631424,0.00712929313751424,0.010667593240254718,0.0,0.00252138708108672,0.11444561626960001,0.0027618364376064,0.00106960595368704,0.0,0.002589221660256,0.00035673720652415995,0.0005965808971584,0.00037551284897280004,0.00167345484147072,0.0005178443320512001,0.0016395375518860802,0.00875066071283712,0.0026752262159884803,0.00313674362069376,0.0025026114386380804,0.0009569520989952001,0.0005705372640844801,0.0,0.0001574731302144,0.0008818495292006401,0.0,0.00238268959332096,0.0,0.00352315845560448,0.0,0.0,0.0,0.0,0.0015535329961536,0.0,0.0065363462356684806,0.0049604036017536005,0.00431900342907264,0.0,0.0010320546687897598,0.00722680534507008,0.0027018755149478403,0.2775337739636,0.0,0.00395863222723584,0.0,0.00420271557906816,0.0,5.269293203328e-05,0.00052511232267648,0.00084429824430336,0.00558363379787136,0.00146692277453568,0.0025026114386380804,0.0013809182188032,0.0038871636527539207,0.00099813737920512,0.0009454444471718401,0.0027018755149478403,0.0,0.00026285899428096,0.00426267650172672,0.0,0.00146328877922304,0.00330209040741888,0.00244628451129216,0.0,0.0,0.0,0.0,0.0,0.0,0.0,0.0,0.0,0.0,-0.03823094742493231,-0.01732738271251093,-0.10929562529829143,-0.5143868085471173,0.0
424800,0.0,0.022712470704000003,0.0,0.10542371818440001,0.0,0.0,0.0,0.0,0.0,0.014860138679663201,0.0104204815589952,0.01059024465946832,0.00427458793080704,0.018102848594230402,0.011104227871499839,0.0015654191891553602,0.0040758790482256,0.00920867030262256,0.01377897460199568,0.0,0.0032567916464036803,0.11608596137600001,0.0035673720652416004,0.0013815743568457602,0.0,0.003344411311164,0.00046078555842704,0.0007705836588296,0.0004850374299232,0.0021615458368996797,0.0006688822622328,0.00211773600451952,0.011302936754081281,0.0034555005289851203,0.0040516271767294405,0.0032325397749075205,0.0012360631278688003,0.00073694396610912,0.0,0.0002034027931936,0.0011390556418841601,0.0,0.0030776407247062403,0.0,0.00455074633848912,0.0,0.0,0.0,0.0,0.0020066467866984,0.0,0.008442780554405121,0.006407187985598401,0.005578712762552161,0.0,0.0013330706138534399,0.00933462357071552,0.0034899225401409605,0.282013177908,0.0,0.0051132332935129605,0.0,0.0054285076229630405,0.0,6.806170387632e-05,0.00067827008345712,0.00109055189889184,0.00721219365558384,0.00189477525044192,0.0032325397749075205,0.0017836860326208002,0.005020919718140481,0.0012892607814732802,0.00122119907759696,0.0034899225401409605,0.0,0.00033952620094624,0.00550595714806368,0.0,0.00189008133982976,0.00426520010958272,0.00315978416041904,0.0,0.0,0.0,0.0,0.0,0.0,0.0,0.0,0.0,0.0,-0.023516370042481055,-0.017756882079836993,0.1090848756080968,-0.8325062162586958,0.0
428400,0.0,0.022712470704000003,0.0,0.10523444759520001,0.0,0.0,0.0,0.0,0.0,0.0200132512863206,0.014034035648001599,0.014262668210735562,0.00575690471326432,0.024380449316423202,0.014954887536616718,0.00210826616603988,0.0054892887181748,0.012401999520467478,0.01855716740752644,0.0,0.00438616294314044,0.1172846751076,0.0048044446362528,0.0018606686902680801,0.0,0.004504166846487,0.0006205740988493199,0.0010378021856818,0.0006532358935256,0.00291111415130844,0.0009008333692974,0.0028521121996351604,0.01522250353170624,0.004653778938229961,0.00545662692349852,0.00435350114846416,0.0016646979222104002,0.00099249711564696,0.0,0.0002739376327688,0.00153405074350528,0.0,0.00414488710504792,0.0,0.0061288277300619596,0.0,0.0,0.0,0.0,0.0027025001078922,0.0,0.01137051897246496,0.0086290354322172,0.007513266381824281,0.0,0.0017953451009155197,0.01257163013152816,0.00470013761454468,0.282644079872,0.0,0.00688637064529568,0.0,0.0073109739760873205,0.0,9.166374634956e-05,0.00091347664465596,0.00146872715415272,0.00971319629421372,0.00255183440986936,0.00435350114846416,0.0024022223181264,0.006762045104269841,0.00173634314924224,0.00164467940289268,0.00470013761454468,0.0,0.00045726512546791996,0.00741528099779544,0.0,0.00254551277219008,0.00574426143790576,0.00425551576443532,0.0,0.0,0.0,0.0,0.0,0.0,0.0,0.0,0.0,0.0,-0.04460589257432644,-0.029321711421420756,0.058318402363999475,-0.8334172554235549,0.0
432000,0.0,0.039115921768,0.0,0.1032786515068,0.0,0.0,0.0,0.0,0.0,0.0160585369602812,0.011260842975043199,0.011444296648135122,0.00461931276393664,0.019562755738926404,0.01199973011920144,0.0016916626721517603,0.0044045789714696,0.00995130500444696,0.01489018223118888,0.0,0.0035194361340168804,0.0,0.0038550633608256005,0.0014929916436881602,0.0,0.0036141219007740006,0.00049794568410664,0.0008327275022836,0.0005241533516912001,0.00233586404955288,0.0007228243801548002,0.0022885211661743204,0.012214463911668482,0.0037341699264839207,0.00437837130388504,0.003493228466432321,0.0013357456381808003,0.00079637493111792,0.0,0.00021980624425760003,0.0012309149678425603,0.0,0.0033258375573438407,0.0,0.004917742010947921,0.0,0.0,0.0,0.0,0.0021684731404644003,0.0,0.00912364995395392,0.006923896694114401,0.006028608953080561,0.0,0.00144057630851904,0.010087415794160321,0.0037713679062813606,0.2800573818196,0.0,0.00552559081718336,0.0,0.00586629049578264,0.0,7.355055096312e-05,0.00073296928373592,0.00117849963267344,0.007793822176195441,0.00204757970612272,0.003493228466432321,0.0019275316804128002,0.005425832598635681,0.0013932334251404803,0.0013196828741773602,0.0037713679062813606,0.0,0.00036690734618384003,0.00594998595032688,0.0,0.00204250725433216,0.00460916786035552,0.0034146054636786404,0.0,0.0,0.0,0.0,0.0,0.0,0.0,0.0,0.0,0.0,0.016307749425507497,-0.009187355438288787,0.13865215918705381,-0.8259143587240698,0.0
435600,0.0,0.039115921768,0.0,0.10763187505840001,0.0,0.0,0.0,0.0,0.0,0.0232489266439892,0.0163030114713312,0.01656860858013592,0.00668766176271424,0.028322198607102403,0.01737274360541104,0.00244912357013016,0.0063767785109336,0.014407113215393359,0.02155742800634808,0.0,0.00509530305969608,0.0,0.0055812111343296,0.00216149536474256,0.0,0.005232385438434,0.00072090643818424,0.0012055905630076,0.0007588488822992001,0.0033817733254720797,0.0010464770876868002,0.0033132321361031202,0.01768362685719168,0.005406186311476721,0.0063388360668186405,0.00505736061558112,0.0019338407000528003,0.0011529607211707201,0.0,0.0003182269506416,0.00178207092359296,0.0,0.00481501855316944,0.0,0.00711971604570072,0.0,0.0,0.0,0.0,0.0031394312630604,0.0,0.01320886635124672,0.010024148945210401,0.00872798609625096,0.0,0.0020856104765126396,0.01460416913482912,0.005460040103123761,0.2858616798884,0.0,0.00799973595920576,0.0,0.008492987732700241,0.0,0.00010648363348392,0.00106116448540872,0.0017061860353630401,0.01128359329986504,0.00296440644020752,0.00505736061558112,0.0027906055671648,0.00785530988160688,0.00201706928714368,0.00191058565365976,0.005460040103123761,0.0,0.0005311942176094399,0.00861415876390608,0.0,0.00295706274134656,0.00667297436499232,0.00494353328323624,0.0,0.0,0.0,0.0,0.0,0.0,0.0,0.0,0.0,0.0,0.05753100185043018,-0.014156591934800684,0.18602750103449045,-0.8201730603391209,-0.21491169291047893
439200,0.0,0.039115921768,0.0,0.1084520476116,0.0,0.0,0.0,0.0,0.0,0.0174966148970228,0.012269276674300798,0.012469159034535281,0.00503298256369216,0.021314644312561602,0.013074332816443358,0.00184315485174744,0.0047990188793624,0.01084246664663624,0.016223631386220717,0.0,0.00383460951915272,0.0,0.0042002929155264,0.00162669238789904,0.0,0.003937774608306,0.00054253783492216,0.0009073001144284,0.0005710924578128001,0.0025450459047367197,0.0007875549216612,0.00249346336016008,0.01330829650077312,0.004068573203482481,0.00477046425647176,0.0038060548962620803,0.0014553646505552002,0.0008676920891284801,0.0,0.0002394903855344,0.0013411461589926401,0.0,0.00362367375650896,0.0,0.00535813681789848,0.0,0.0,0.0,0.0,0.0023626647649836,0.0,0.00994069323341248,0.0075439471443336,0.006568484381714641,0.0,0.0015695831421177599,0.01099076646229408,0.00410910234564984,0.28459987596040004,0.0,0.00602041984558784,0.0,0.00639162994316616,0.0,8.013716746728e-05,0.00079860832407048,0.00128403691321136,0.00849177640092936,0.00223094505293968,0.0038060548962620803,0.0021001464577632,0.005911728055229921,0.0015180005975411201,0.00143786343007384,0.00410910234564984,0.0,0.00039976472046896,0.00648282051304272,0.0,0.00222541835173504,0.00502192916128288,0.00372039102759016,0.0,0.0,0.0,0.0,0.0,0.0,0.0,0.0,0.0,0.0,0.07524153450093017,0.011646864212303808,0.22308591187818133,-0.8145852475848978,-0.20832346182777137
442800,0.0,0.039115921768,0.0,0.1084520476116,0.0,0.0,0.0,0.0,0.0,0.0172569352408992,0.012101204391091198,0.01229834863680192,0.00496403759706624,0.021022662883622402,0.012895232366903039,0.0018179061551481602,0.0047332788947136,0.010693939706271359,0.01600138986038208,0.0,0.00378208062163008,0.0,0.0041427546564096005,0.00160440893053056,0.0,0.003883832490384,0.0005351058097862399,0.0008948713457376,0.0005632692734592,0.00251018226220608,0.0007767664980768001,0.0024593063278291203,0.013125991069255681,0.004012839323982721,0.00470511543104064,0.0037539171579571203,0.0014354281484928002,0.00085580589612672,0.0,0.0002362096953216,0.0013227742938009602,0.0,0.00357403438998144,0.0,0.0052847376834067195,0.0,0.0,0.0,0.0,0.0023302994942304,0.0,0.00980451935350272,0.007440605402630401,0.0064785051436089605,0.0,0.0015480820031846397,0.01084020801760512,0.00405281327242176,0.28907927990480003,0.0,0.00593794834085376,0.0,0.00630407336860224,0.0,7.903939804992e-05,0.00078766848401472,0.0012664473664550401,0.00837545069680704,0.00220038416180352,0.0037539171579571203,0.0020713773282048003,0.005830745479130881,0.00149720606880768,0.00141816667075776,0.00405281327242176,0.0,0.00039428849142143996,0.00639401475259008,0.0,0.00219493316883456,0.00495313561112832,0.0036694267669382403,0.0,0.0,0.0,0.0,0.0,0.0,0.0,0.0,0.0,0.0,0.07112810736967864,0.012993574080764164,0.2211841387656484,-0.8119530114618185,-0.20692049434895052
446400,0.0,0.039115921768,0.0,0.11299454175240001,0.0,0.0,0.0,0.0,0.0,0.0091078269326968,0.0063867467619648,0.006490795113867681,0.00261990873178496,0.011095294299689602,0.0068058170825321595,0.0009594504707726401,0.0024981194166544003,0.00564402373386544,0.00844517798186832,0.0,0.00199609810586032,0.0,0.0021864538464384,0.0008467713800022401,0.0,0.002049800481036,0.00028241695516496,0.0004722932102504,0.00029728100543680003,0.00132481841616432,0.00040996009620720004,0.0012979672285764801,0.006927606397662721,0.0021178874209908803,0.0024832553663825603,0.00198123405558848,0.0007575870783712002,0.00045167533406688,0.0,0.0001246662280864,0.0006981308772838401,0.0,0.00188629592804576,0.0,0.00278916711068688,0.0,0.0,0.0,0.0,0.0012298802886216,0.0,0.0051746074365708805,0.0039269861847216,0.0034192110480158406,0.0,0.00081704327945856,0.0057212208981804805,0.00213898478266704,0.2858616798884,0.0,0.0031339171798950402,0.0,0.00332714983342896,0.0,4.171523785968e-05,0.00041571392211888,0.00066840277674016,0.00442037675664816,0.00116131386317408,0.00198123405558848,0.0010932269232192,0.0030773378917635205,0.0007901920918707201,0.00074847685401104,0.00213898478266704,0.0,0.00020809670380576,0.0033746188972003203,0.0,0.00115843695021824,0.00261415490587328,0.0019366419047729601,0.0,0.0,0.0,0.0,0.0,0.0,0.0,0.0,0.0,0.0,0.04223545516391228,0.024245797674132465,0.039378159370836975,-0.48499025703888754,-0.2049937510758852
450000,0.0,0.022712470704000003,0.0,0.11476106725160001,0.0,0.0,0.0,0.0,0.0,0.0110252641816856,0.0077313250276416,0.00785727829573456,0.0031714684647923203,0.013431145731203202,0.00823862067885472,0.00116144004356688,0.0030240392938448,0.00683223925678448,0.01022311018857744,0.0,0.00241632928604144,0.0769069494116,0.0026467599193728004,0.00102503903895008,0.0,0.0024813374244120005,0.00034187315625232,0.0005717233597768,0.00035986648026560005,0.0016037275564094401,0.0004962674848824001,0.0015712234872241602,0.00838604984980224,0.0025637584569889603,0.0030060459698315204,0.0023983359620281604,0.0009170790948704002,0.0005467648780809601,0.0,0.00015091174978880002,0.0008451057988172802,0.0,0.00228341086026592,0.0,0.00337636018662096,0.0,0.0,0.0,0.0,0.0014888024546472,0.0,0.006263998475848961,0.0047537201183472004,0.004139044952861281,0.0,0.00098905239092352,0.00692568845569216,0.0025892973684916803,0.28907927990480003,0.0,0.0037936892177676805,0.0,0.00402760242994032,0.0,5.049739319856e-05,0.0005032326425649601,0.00080911915079072,0.00535098238962672,0.00140580099226336,0.0023983359620281604,0.0013233799596864002,0.003725198500555841,0.0009565483217382402,0.0009060509285396801,0.0025892973684916803,0.0,0.00025190653618592003,0.00408506498082144,0.0,0.00140231841342208,0.0031645033071097603,0.0023443559899883203,0.0,0.0,0.0,0.0,0.0,0.0,0.0,0.0,0.0,0.0,0.02455423134527786,0.016166391398128116,-0.02622974551209895,-0.4881925714316388,-0.20667946293656797
453600,0.0,0.022712470704000003,0.0,0.1121112790028,0.0,0.0,0.0,0.0,0.0,0.010186385385253,0.007143072036407999,0.0072594419036678005,0.0029301610816016,0.012409210729916001,0.0076117691054636,0.0010730696054694,0.002793949347574,0.0063123949655073995,0.009445264848142199,0.0,0.0022324781447122,0.0,0.0024453760124640003,0.0009470469381604001,0.0,0.0022925400116850002,0.0003158610682766,0.0005282226693589999,0.000332485335028,0.0014817048075522,0.00045850800233700005,0.0014516738740658,0.0077479808394912,0.0023686898787398003,0.0027773250808226,0.0022158538779608002,0.0008473013376520002,0.0005051632025748,0.0,0.000139429334044,0.0007808042706464001,0.0,0.0021096730774196,0.0,0.0031194632158998,0.0,0.0,0.0,0.0,0.001375524007011,0.0,0.0057873898961648,0.004392024022386001,0.0038241176194914006,0.0,0.0009137984046575999,0.0063987338992808,0.0023922856121934,0.2884483779408,0.0,0.0035050389511984,0.0,0.0037211544189666,0.0,4.66552002378e-05,0.0004649432023698,0.0007475557371436,0.0049438424251986,0.0012988378732868,0.0022158538779608002,0.0012226880062320001,0.0034417594842092005,0.0008837674711712001,0.0008371122709334001,0.0023922856121934,0.0,0.0002327397345196,0.0037742448192372,0.0,0.0012956202732704,0.0029237258815688,0.0021659810777066003,0.0,0.0,0.0,0.0,0.0,0.0,0.0,0.0,0.0,0.0,0.028691289206643007,0.017018008008512733,0.056698455302984986,-0.483717391356933,-0.20542246857529123
457200,0.0,0.0,0.0,0.1162121417688,0.0,0.0,0.0,0.0,0.0,0.0128228616026126,0.0089918671517136,0.009138356278734761,0.0036885557144867203,0.015621006448247203,0.00958187405040712,0.0013508052680614802,0.0035170891787108002,0.00794619130952108,0.01188992163236724,0.0,0.0028102960174612402,0.0,0.0030782968627488002,0.0011921649692136801,0.0,0.0028859033088270004,0.00039761334477172,0.0006649391249578,0.00041854036291760007,0.0018652048753892401,0.0005771806617654001,0.0018274012297063603,0.00975334058618304,0.0029817625532371603,0.0034961621605649204,0.0027893689993153605,0.0010666028603384002,0.0006359113255941601,0.0,0.00017551692638480003,0.0009828947877548802,0.0,0.0026557061092223203,0.0,0.00392685369530916,0.0,0.0,0.0,0.0,0.0017315419852962002,0.0,0.007285302575172161,0.005528783181121201,0.004813889238653881,0.0,0.00115031093292192,0.008054876790859361,0.0030114654177022804,0.2910350759932,0.0,0.00441222550327328,0.0,0.0046842767391697205,0.0,5.873066382876e-05,0.00058528144298316,0.0009410407514631201,0.006223425170544121,0.00163500767578456,0.0027893689993153605,0.0015391484313744001,0.004332567821298641,0.0011125072872390403,0.0010537766234102802,0.0030114654177022804,0.0,0.00029297825404232,0.004751108184216241,0.0,0.00163095728517568,0.0036804549332689605,0.0027265879448777203,0.0,0.0,0.0,0.0,0.0,0.0,0.0,0.0,0.0,0.0,0.013708106534738794,0.008195079530235225,0.05492585634169593,-0.48254522313608816,-0.20729830567980204
460800,0.0,0.0,0.0,0.114508706466,0.0,0.0,0.0,0.0,0.0,0.0115046234939328,0.0080674695940608,0.00819889909120128,0.0033093583980441602,0.014015108589081601,0.008596821577935359,0.00121193743676544,0.0031555192631424,0.00712929313751424,0.010667593240254718,0.0,0.00252138708108672,0.0,0.0027618364376064,0.00106960595368704,0.0,0.002589221660256,0.00035673720652415995,0.0005965808971584,0.00037551284897280004,0.00167345484147072,0.0005178443320512001,0.0016395375518860802,0.00875066071283712,0.0026752262159884803,0.00313674362069376,0.0025026114386380804,0.0009569520989952001,0.0005705372640844801,0.0,0.0001574731302144,0.0008818495292006401,0.0,0.00238268959332096,0.0,0.00352315845560448,0.0,0.0,0.0,0.0,0.0015535329961536,0.0,0.0065363462356684806,0.0049604036017536005,0.00431900342907264,0.0,0.0010320546687897598,0.00722680534507008,0.0027018755149478403,0.2929277818852,0.0,0.00395863222723584,0.0,0.00420271557906816,0.0,5.269293203328e-05,0.00052511232267648,0.00084429824430336,0.00558363379787136,0.00146692277453568,0.0025026114386380804,0.0013809182188032,0.0038871636527539207,0.00099813737920512,0.0009454444471718401,0.0027018755149478403,0.0,0.00026285899428096,0.00426267650172672,0.0,0.00146328877922304,0.00330209040741888,0.00244628451129216,0.0,0.0,0.0,0.0,0.0,0.0,0.0,0.0,0.0,0.0,0.020530342945336094,0.010834213836458053,0.06283811628257625,-0.48045412368431845,-0.20579866193810373
464400,0.0,0.0,0.0,0.11513960843000001,0.0,0.0,0.0,0.0,0.0,0.013182381086798001,0.009243975576528,0.009394571875334802,0.0037919731644256004,0.016058978591656003,0.0098505247247176,0.0013886783129604002,0.0036156991556840004,0.008168981720068401,0.0122232839211252,0.0,0.0028890893637452003,0.11772630648240001,0.0031646042514240002,0.0012255901552664001,0.0,0.0029668164857100006,0.0004087613824756,0.0006835822779940001,0.00043027513944800006,0.0019175003391852,0.0005933632971420001,0.0018786367782028003,0.010026798733459201,0.0030653633724868007,0.0035941853987116004,0.0028675756067728007,0.0010965076134320003,0.0006537406150968001,0.0,0.00018043796170400003,0.0010104525855424002,0.0,0.0027301651590136006,0.0,0.004036952397046801,0.0,0.0,0.0,0.0,0.0017800898914260002,0.0,0.007489563395036801,0.005683795793676001,0.004948858095812401,0.0,0.0011825626413216,0.008280714457892802,0.0030958990275444004,0.2929277818852,0.0,0.004535932760374401,0.0,0.004815611601015601,0.0,6.03773179548e-05,0.0006016912030668,0.0009674250715976001,0.006397913726727601,0.0016808490124888,0.0028675756067728007,0.0015823021257120001,0.004454041685447201,0.0011436990803392003,0.0010833217623844001,0.0030958990275444004,0.0,0.00030119259761360003,0.0048843168248952,0.0,0.0016766850595264001,0.0037836452585008006,0.0028030343358556005,0.0,0.0,0.0,0.0,0.0,0.0,0.0,0.0,0.0,0.0,-0.0009866703699716807,0.004725851299724323,-0.047831136877688335,-0.4858464882879573,-0.20739169696539156
468000,0.0,0.0,0.0,0.1170954045184,0.0,0.0,0.0,0.0,0.0,0.012942701430674402,0.0090759032933184,0.009223761477601441,0.0037230281977996805,0.015766997162716803,0.00967142427517728,0.0013634296163611201,0.0035499591710352004,0.00802045477970352,0.01200104239528656,0.0,0.0028365604662225602,0.1158336005904,0.0031070659923072004,0.0012033066978979201,0.0,0.0029128743677880003,0.00040132935733968,0.0006711535093032,0.00042245195509440006,0.00188263669665456,0.0005825748735576002,0.0018444797458718404,0.00984449330194176,0.0030096294929870407,0.0035288365732804804,0.0028154378684678407,0.0010765711113696003,0.0006418544220950401,0.0,0.00017715727149120002,0.0009920807203507203,0.0,0.0026805257924860802,0.0,0.00396355326255504,0.0,0.0,0.0,0.0,0.0017477246206728002,0.0,0.007353389515127041,0.0055804540519728005,0.004858878857706721,0.0,0.00116106150238848,0.00813015601320384,0.0030396099543163204,0.28971018186880004,0.0,0.00445346125564032,0.0,0.00472805502645168,0.0,5.9279548537440005e-05,0.0005907513630110401,0.0009498355248412801,0.006281588022605281,0.0016502881213526401,0.0028154378684678407,0.0015535329961536002,0.004373059109348161,0.0011229045516057603,0.00106362500306832,0.0030396099543163204,0.0,0.00029571636856608,0.00479551106444256,0.0,0.0016461998766259202,0.0037148517083462405,0.0027520700752036806,0.0,0.0,0.0,0.0,0.0,0.0,0.0,0.0,0.0,0.0,-0.001940075881444446,0.004475984458719831,-0.03876094667496925,-0.4867679052947158,-0.20733657081789866
471600,0.0,0.022712470704000003,0.0,0.1136254437164,0.0,0.0,0.0,0.0,0.0,0.014260939539354199,0.010000300850971198,0.010163218665134921,0.00410222551424224,0.0173728950218824,0.01065647674764904,0.0015022974476571601,0.0039115290866036,0.00883735295171036,0.013223370787399078,0.0,0.00312546940259708,0.1146979770552,0.0034235264174496,0.0013258657134245602,0.0,0.0032095560163590002,0.00044220549558723996,0.0007395117371026,0.00046547946903920004,0.00207438673057308,0.0006419112032718,0.0020323434236921203,0.01084717317528768,0.0033161658302357203,0.00388825511315164,0.0031021954291451203,0.0011862218727128001,0.00070722848360472,0.0,0.0001952010676616,0.00109312597890496,0.0,0.00295354230838744,0.0,0.00436724850225972,0.0,0.0,0.0,0.0,0.0019257336098154,0.0,0.00810234585463072,0.0061488336313404,0.005353764667287961,0.0,0.0012793177665206398,0.00895822745899312,0.00334919985707076,0.2910350759932,0.0,0.00490705453167776,0.0,0.00520961618655324,0.0,6.531728033292e-05,0.00065092048331772,0.00104657803200104,0.0069213793952780395,0.00181837302260152,0.0031021954291451203,0.0017117632087248,0.004818463277892881,0.00123727445963968,0.00117195717930676,0.00334919985707076,0.0,0.00032583562832744,0.00528394274693208,0.0,0.00181386838257856,0.00409321623419632,0.00303237350878924,0.0,0.0,0.0,0.0,0.0,0.0,0.0,0.0,0.0,0.0,-0.012384560859473807,-0.0011163238844210902,-0.06009607683688668,-0.4886049339253815,-0.20871304363571375
475200,0.0,0.022712470704000003,0.0,0.11476106725160001,0.0,0.0,0.0,0.0,0.0,0.0139014200551688,0.009748192426156798,0.00990700306853488,0.00399880806430336,0.0169349228784736,0.010387826073338558,0.00146442440275824,0.0038129191096304,0.008614562541163039,0.01289000849864112,0.0,0.00304667605631312,0.1146979770552,0.0033372190287744,0.00129244052737184,0.0,0.003128642839476,0.00043105745788335996,0.0007208685840663999,0.0004537446925088,0.0020220912667771197,0.0006257285678952,0.00198110787519568,0.01057371502801152,0.0032325650109860803,0.00379023187500496,0.00302398882168768,0.0011563171196192002,0.00068939919410208,0.0,0.0001902800323424,0.00106556818111744,0.0,0.00287908325859616,0.0,0.00425714980052208,0.0,0.0,0.0,0.0,0.0018771857036856,0.0,0.00789808503476608,0.0059938210187856006,0.00521879581012944,0.0,0.0012470660581209599,0.00873238979195968,0.00326476624722864,0.2858616798884,0.0,0.0047833472745766395,0.0,0.00507828132470736,0.0,6.367062620688e-05,0.00063451072323408,0.00102019371186656,0.00674689083909456,0.0017725316858972799,0.00302398882168768,0.0016686095143872,0.00469698941374432,0.00120608266653952,0.00114241204033264,0.00326476624722864,0.0,0.00031762128475616,0.00515073410625312,0.0,0.00176814060822784,0.0039900259089644795,0.00295592711781136,0.0,0.0,0.0,0.0,0.0,0.0,0.0,0.0,0.0,0.0,-0.008830809094182162,5.376600209353534e-05,-0.053682337371465105,-0.48996399179953215,-0.20868461855272685
478800,0.0,0.022712470704000003,0.0,0.1093353103612,0.0,0.0,0.0,0.0,0.0,0.012942701430674402,0.0090759032933184,0.009223761477601441,0.0037230281977996805,0.015766997162716803,0.00967142427517728,0.0013634296163611201,0.0035499591710352004,0.00802045477970352,0.01200104239528656,0.0,0.0028365604662225602,0.11495033784080001,0.0031070659923072004,0.0012033066978979201,0.0,0.0029128743677880003,0.00040132935733968,0.0006711535093032,0.00042245195509440006,0.00188263669665456,0.0005825748735576002,0.0018444797458718404,0.00984449330194176,0.0030096294929870407,0.0035288365732804804,0.0028154378684678407,0.0010765711113696003,0.0006418544220950401,0.0,0.00017715727149120002,0.0009920807203507203,0.0,0.0026805257924860802,0.0,0.00396355326255504,0.0,0.0,0.0,0.0,0.0017477246206728002,0.0,0.007353389515127041,0.0055804540519728005,0.004858878857706721,0.0,0.00116106150238848,0.00813015601320384,0.0030396099543163204,0.2852307779244,0.0,0.00445346125564032,0.0,0.00472805502645168,0.0,5.9279548537440005e-05,0.0005907513630110401,0.0009498355248412801,0.006281588022605281,0.0016502881213526401,0.0028154378684678407,0.0015535329961536002,0.004373059109348161,0.0011229045516057603,0.00106362500306832,0.0030396099543163204,0.0,0.00029571636856608,0.00479551106444256,0.0,0.0016461998766259202,0.0037148517083462405,0.0027520700752036806,0.0,0.0,0.0,0.0,0.0,0.0,0.0,0.0,0.0,0.0,0.00028648773507657923,0.0021554574205768554,-0.0432051189453649,-0.4910366045836273,-0.20811944568976953
482400,0.0,0.022712470704000003,0.0,0.1049820868096,0.0,0.0,0.0,0.0,0.0,0.0115046234939328,0.0080674695940608,0.00819889909120128,0.0033093583980441602,0.014015108589081601,0.008596821577935359,0.00121193743676544,0.0031555192631424,0.00712929313751424,0.010667593240254718,0.0,0.00252138708108672,0.11495033784080001,0.0027618364376064,0.00106960595368704,0.0,0.002589221660256,0.00035673720652415995,0.0005965808971584,0.00037551284897280004,0.00167345484147072,0.0005178443320512001,0.0016395375518860802,0.00875066071283712,0.0026752262159884803,0.00313674362069376,0.0025026114386380804,0.0009569520989952001,0.0005705372640844801,0.0,0.0001574731302144,0.0008818495292006401,0.0,0.00238268959332096,0.0,0.00352315845560448,0.0,0.0,0.0,0.0,0.0015535329961536,0.0,0.0065363462356684806,0.0049604036017536005,0.00431900342907264,0.0,0.0010320546687897598,0.00722680534507008,0.0027018755149478403,0.2806882837836,0.0,0.00395863222723584,0.0,0.00420271557906816,0.0,5.269293203328e-05,0.00052511232267648,0.00084429824430336,0.00558363379787136,0.00146692277453568,0.0025026114386380804,0.0013809182188032,0.0038871636527539207,0.00099813737920512,0.0009454444471718401,0.0027018755149478403,0.0,0.00026285899428096,0.00426267650172672,0.0,0.00146328877922304,0.00330209040741888,0.00244628451129216,0.0,0.0,0.0,0.0,0.0,0.0,0.0,0.0,0.0,0.0,0.010321628140603771,0.006129231927487466,-0.025601259846807545,-0.4917659389266768,-0.20703046463945873
486000,0.0,0.022712470704000003,0.0,0.102206118168,0.0,0.0,0.0,0.0,0.0,0.0099467057291294,0.0069749997531983994,0.007088631505934441,0.00286121611497568,0.012117229300976801,0.007432668655923279,0.00104782090887012,0.0027282093629252,0.0061638680251425194,0.00922302332230356,0.0,0.00217994924718956,0.11463488685880001,0.0023878377533472,0.00092476348079192,0.0,0.002238597893763,0.00030842904314068,0.0005157939006681999,0.0003246621506744,0.00144684116502156,0.0004477195787526,0.00141751684173484,0.00756567540797376,0.0023129559992400403,0.00271197625539148,0.0021637161396558403,0.0008273648355896001,0.00049327700957304,0.0,0.0001361486438312,0.0007624324054547201,0.0,0.00206003371089208,0.0,0.00304606408140804,0.0,0.0,0.0,0.0,0.0013431587362578,0.0,0.00565121601625504,0.0042886822806828,0.0037341383813857204,0.0,0.0008922972657244799,0.00624817545459184,0.00233599653896532,0.2800573818196,0.0,0.00342256744646432,0.0,0.0036335978444026803,0.0,4.5557430820439996e-05,0.00045400336231404,0.00072996619038728,0.00482751672107628,0.00126827698215064,0.0021637161396558403,0.0011939188766736,0.0033607769081101606,0.00086297294243776,0.00081741551161732,0.00233599653896532,0.0,0.00022726350547207997,0.00368543905878456,0.0,0.00126513509036992,0.00285493233141424,0.00211501681705468,0.0,0.0,0.0,0.0,0.0,0.0,0.0,0.0,0.0,0.0,-0.05111960972981302,-0.0019061834330388375,-0.12673071559478855,-0.49946821138826686,0.0
489600,0.0,0.0,0.0,0.1017644867932,0.0,0.0,0.0,0.0,0.0,0.0094673464168822,0.0066388551867792,0.0067470107104677214,0.0027233261817238403,0.011533266443098402,0.00707446775684264,0.0009973235156715602,0.0025967293936276,0.00586681414441276,0.00877854027062628,0.0,0.00207489145214428,0.1150765182336,0.0022727612351136003,0.0008801965660549601,0.0,0.0021307136579190003,0.00029356499286884,0.0004909363632866,0.0003090157819672,0.0013771138799602801,0.00042614273158380006,0.0013492027770729202,0.0072010645449388806,0.0022014882402405203,0.0025812786045292403,0.0020594406630459203,0.0007874918314648002,0.00046950462356952006,0.0,0.0001295872634056,0.0007256886750713601,0.0,0.0019607549778370404,0.0,0.0028992658124245203,0.0,0.0,0.0,0.0,0.0012784281947514002,0.0,0.005378868256435521,0.0040819987972764,0.0035541799051743606,0.0,0.00084929498785824,0.005947058565213921,0.00222341839250916,0.2806882837836,0.0,0.0032576244369961604,0.0,0.0034584846952748403,0.0,4.336189198572e-05,0.00043212368220252003,0.00069478709687464,0.00459486531283164,0.00120715519987832,0.0020594406630459203,0.0011363806175568002,0.003198811755912081,0.0008213838849708802,0.0007780219929851601,0.00222341839250916,0.0,0.00021631104737704,0.0035078275378792804,0.0,0.0012041647245689601,0.00271734523110512,0.00201308829575084,0.0,0.0,0.0,0.0,0.0,0.0,0.0,0.0,0.0,0.0,-0.040617377705422966,-0.002440644583155318,-0.10535478581833377,-0.5010381089570433,0.0
493200,0.0,0.0,0.0,0.102206118168,0.0,0.0,0.0,0.0,0.0,0.0088681472765732,0.006218674478755199,0.006319984716134321,0.00255096376515904,0.010803312870750401,0.00662671663299184,0.00093420177417336,0.0024323794320056,0.005495496793500559,0.00822293645602968,0.0,0.00194356920833768,0.1145717966624,0.0021289155873216,0.00082448792263376,0.0,0.001995858363114,0.00027498493002904,0.0004598644415596,0.00028945782108320004,0.00128995477363368,0.00039917167262280004,0.00126381019624552,0.00674530096614528,0.0020621535414911203,0.00241790654095144,0.0019290963172835201,0.0007376505763088001,0.00043978914106512003,0.0,0.0001213855378736,0.0006797590120921601,0.0,0.0018366565615182402,0.0,0.00271576797619512,0.0,0.0,0.0,0.0,0.0011975150178684,0.0,0.00503843355666112,0.0038236444430184004,0.0033292318099101604,0.0,0.0007955421405254399,0.00557066245349152,0.00208269570943896,0.281382275944,0.0,0.00305144567516096,0.0,0.0032395932588650403,0.0,4.061746844232e-05,0.00040477408206312,0.00065081322998384,0.00430405105252584,0.00113075297203792,0.0019290963172835201,0.0010644577936608,0.0029963553156644807,0.0007693975631372801,0.00072878009469496,0.00208269570943896,0.0,0.00020262047475824,0.00328581313674768,0.0,0.00112795176731776,0.00254536135571872,0.0018856776441210402,0.0,0.0,0.0,0.0,0.0,0.0,0.0,0.0,0.0,0.0,-0.0341358293398514,-0.0033007676824708585,-0.09965311651509207,-0.5033768125631006,0.0
496800,0.0,0.0,0.0,0.1019537573824,0.0,0.0,0.0,0.0,0.0,0.0076697489959552,0.0053783130627072,0.005465932727467521,0.0022062389320294403,0.009343405726054401,0.00573121438529024,0.00080795829117696,0.0021036795087616,0.00475286209167616,0.00711172882683648,0.0,0.0016809247207244802,0.1156443300012,0.0018412242917376,0.0007130706357913601,0.0,0.0017261477735040001,0.00023782480434944,0.0003977205981056,0.0002503418993152,0.00111563656098048,0.00034522955470080006,0.0010930250345907201,0.00583377380855808,0.0017834841439923201,0.00209116241379584,0.0016684076257587202,0.0006379680659968001,0.00038035817605632004,0.0,0.0001049820868096,0.0005878996861337601,0.0,0.0015884597288806403,0.0,0.0023487723037363202,0.0,0.0,0.0,0.0,0.0010356886641024001,0.0,0.00435756415711232,0.0033069357345024003,0.0028793356193817605,0.0,0.00068803644585984,0.0048178702300467205,0.0018012503432985603,0.2800573818196,0.0,0.00263908815149056,0.0,0.00280181038604544,0.0,3.512862135552e-05,0.00035007488178432,0.0005628654962022401,0.00372242253191424,0.00097794851635712,0.0016684076257587202,0.0009206121458688,0.0025914424351692806,0.0006654249194700801,0.0006302962981145601,0.0018012503432985603,0.0,0.00017523932952064,0.00284178433448448,0.0,0.00097552585281536,0.00220139360494592,0.0016308563408614402,0.0,0.0,0.0,0.0,0.0,0.0,0.0,0.0,0.0,0.0,-0.024951664628762884,-0.0004546956731907991,-0.09002941423151292,-0.5052954441409679,0.0
500400,0.0,0.0,0.0,0.10390955347080001,0.0,0.0,0.0,0.0,0.0,0.0076697489959552,0.0053783130627072,0.005465932727467521,0.0022062389320294403,0.009343405726054401,0.00573121438529024,0.00080795829117696,0.0021036795087616,0.00475286209167616,0.00711172882683648,0.0,0.0016809247207244802,0.11463488685880001,0.0018412242917376,0.0007130706357913601,0.0,0.0017261477735040001,0.00023782480434944,0.0003977205981056,0.0002503418993152,0.00111563656098048,0.00034522955470080006,0.0010930250345907201,0.00583377380855808,0.0017834841439923201,0.00209116241379584,0.0016684076257587202,0.0006379680659968001,0.00038035817605632004,0.0,0.0001049820868096,0.0005878996861337601,0.0,0.0015884597288806403,0.0,0.0023487723037363202,0.0,0.0,0.0,0.0,0.0010356886641024001,0.0,0.00435756415711232,0.0033069357345024003,0.0028793356193817605,0.0,0.00068803644585984,0.0048178702300467205,0.0018012503432985603,0.27879557789160003,0.0,0.00263908815149056,0.0,0.00280181038604544,0.0,3.512862135552e-05,0.00035007488178432,0.0005628654962022401,0.00372242253191424,0.00097794851635712,0.0016684076257587202,0.0009206121458688,0.0025914424351692806,0.0006654249194700801,0.0006302962981145601,0.0018012503432985603,0.0,0.00017523932952064,0.00284178433448448,0.0,0.00097552585281536,0.00220139360494592,0.0016308563408614402,0.0,0.0,0.0,0.0,0.0,0.0,0.0,0.0,0.0,0.0,-0.023056868546421857,-0.003227556674650543,-0.0866970545367873,-0.5074342879345749,0.0
504000,0.0,0.0,0.0,0.10264774954280001,0.0,0.0,0.0,0.0,0.0,0.010186385385253,0.007143072036407999,0.0072594419036678005,0.0029301610816016,0.012409210729916001,0.0076117691054636,0.0010730696054694,0.002793949347574,0.0063123949655073995,0.009445264848142199,0.0,0.0022324781447122,0.115455059412,0.0024453760124640003,0.0009470469381604001,0.0,0.0022925400116850002,0.0003158610682766,0.0005282226693589999,0.000332485335028,0.0014817048075522,0.00045850800233700005,0.0014516738740658,0.0077479808394912,0.0023686898787398003,0.0027773250808226,0.0022158538779608002,0.0008473013376520002,0.0005051632025748,0.0,0.000139429334044,0.0007808042706464001,0.0,0.0021096730774196,0.0,0.0031194632158998,0.0,0.0,0.0,0.0,0.001375524007011,0.0,0.0057873898961648,0.004392024022386001,0.0038241176194914006,0.0,0.0009137984046575999,0.0063987338992808,0.0023922856121934,0.2755779778752,0.0,0.0035050389511984,0.0,0.0037211544189666,0.0,4.66552002378e-05,0.0004649432023698,0.0007475557371436,0.0049438424251986,0.0012988378732868,0.0022158538779608002,0.0012226880062320001,0.0034417594842092005,0.0008837674711712001,0.0008371122709334001,0.0023922856121934,0.0,0.0002327397345196,0.0037742448192372,0.0,0.0012956202732704,0.0029237258815688,0.0021659810777066003,0.0,0.0,0.0,0.0,0.0,0.0,0.0,0.0,0.0,0.0,-0.03229790887714853,-0.013291399670966082,-0.10062298164153673,-0.5109284764068321,0.0
507600,0.0,0.0,0.0,0.10264774954280001,0.0,0.0,0.0,0.0,0.0,0.0115046234939328,0.0080674695940608,0.00819889909120128,0.0033093583980441602,0.014015108589081601,0.008596821577935359,0.00121193743676544,0.0031555192631424,0.00712929313751424,0.010667593240254718,0.0,0.00252138708108672,0.11444561626960001,0.0027618364376064,0.00106960595368704,0.0,0.002589221660256,0.00035673720652415995,0.0005965808971584,0.00037551284897280004,0.00167345484147072,0.0005178443320512001,0.0016395375518860802,0.00875066071283712,0.0026752262159884803,0.00313674362069376,0.0025026114386380804,0.0009569520989952001,0.0005705372640844801,0.0,0.0001574731302144,0.0008818495292006401,0.0,0.00238268959332096,0.0,0.00352315845560448,0.0,0.0,0.0,0.0,0.0015535329961536,0.0,0.0065363462356684806,0.0049604036017536005,0.00431900342907264,0.0,0.0010320546687897598,0.00722680534507008,0.0027018755149478403,0.2775337739636,0.0,0.00395863222723584,0.0,0.00420271557906816,0.0,5.269293203328e-05,0.00052511232267648,0.00084429824430336,0.00558363379787136,0.00146692277453568,0.0025026114386380804,0.0013809182188032,0.0038871636527539207,0.00099813737920512,0.0009454444471718401,0.0027018755149478403,0.0,0.00026285899428096,0.00426267650172672,0.0,0.00146328877922304,0.00330209040741888,0.00244628451129216,0.0,0.0,0.0,0.0,0.0,0.0,0.0,0.0,0.0,0.0,-0.03823099606749441,-0.01732740129646132,-0.10929579810426018,-0.5143865685146359,0.0
511200,0.0,0.022712470704000003,0.0,0.10542371818440001,0.0,0.0,0.0,0.0,0.0,0.014860138679663201,0.0104204815589952,0.01059024465946832,0.00427458793080704,0.018102848594230402,0.011104227871499839,0.0015654191891553602,0.0040758790482256,0.00920867030262256,0.01377897460199568,0.0,0.0032567916464036803,0.11608596137600001,0.0035673720652416004,0.0013815743568457602,0.0,0.003344411311164,0.00046078555842704,0.0007705836588296,0.0004850374299232,0.0021615458368996797,0.0006688822622328,0.00211773600451952,0.011302936754081281,0.0034555005289851203,0.0040516271767294405,0.0032325397749075205,0.0012360631278688003,0.00073694396610912,0.0,0.0002034027931936,0.0011390556418841601,0.0,0.0030776407247062403,0.0,0.00455074633848912,0.0,0.0,0.0,0.0,0.0020066467866984,0.0,0.008442780554405121,0.006407187985598401,0.005578712762552161,0.0,0.0013330706138534399,0.00933462357071552,0.0034899225401409605,0.282013177908,0.0,0.0051132332935129605,0.0,0.0054285076229630405,0.0,6.806170387632e-05,0.00067827008345712,0.00109055189889184,0.00721219365558384,0.00189477525044192,0.0032325397749075205,0.0017836860326208002,0.005020919718140481,0.0012892607814732802,0.00122119907759696,0.0034899225401409605,0.0,0.00033952620094624,0.00550595714806368,0.0,0.00189008133982976,0.00426520010958272,0.00315978416041904,0.0,0.0,0.0,0.0,0.0,0.0,0.0,0.0,0.0,0.0,-0.023516404599038896,-0.017756891612130957,0.10908480457809167,-0.8325061011398389,0.0
514800,0.0,0.022712470704000003,0.0,0.10523444759520001,0.0,0.0,0.0,0.0,0.0,0.0200132512863206,0.014034035648001599,0.014262668210735562,0.00575690471326432,0.024380449316423202,0.014954887536616718,0.00210826616603988,0.0054892887181748,0.012401999520467478,0.01855716740752644,0.0,0.00438616294314044,0.1172846751076,0.0048044446362528,0.0018606686902680801,0.0,0.004504166846487,0.0006205740988493199,0.0010378021856818,0.0006532358935256,0.00291111415130844,0.0009008333692974,0.0028521121996351604,0.01522250353170624,0.004653778938229961,0.00545662692349852,0.00435350114846416,0.0016646979222104002,0.00099249711564696,0.0,0.0002739376327688,0.00153405074350528,0.0,0.00414488710504792,0.0,0.0061288277300619596,0.0,0.0,0.0,0.0,0.0027025001078922,0.0,0.01137051897246496,0.0086290354322172,0.007513266381824281,0.0,0.0017953451009155197,0.01257163013152816,0.00470013761454468,0.282644079872,0.0,0.00688637064529568,0.0,0.0073109739760873205,0.0,9.166374634956e-05,0.00091347664465596,0.00146872715415272,0.00971319629421372,0.00255183440986936,0.00435350114846416,0.0024022223181264,0.006762045104269841,0.00173634314924224,0.00164467940289268,0.00470013761454468,0.0,0.00045726512546791996,0.00741528099779544,0.0,0.00254551277219008,0.00574426143790576,0.00425551576443532,0.0,0.0,0.0,0.0,0.0,0.0,0.0,0.0,0.0,0.0,-0.04460591250531261,-0.029321719241117514,0.05831831520064282,-0.8334171405095154,0.0
518400,0.0,0.039115921768,0.0,0.1032786515068,0.0,0.0,0.0,0.0,0.0,0.0160585369602812,0.011260842975043199,0.011444296648135122,0.00461931276393664,0.019562755738926404,0.01199973011920144,0.0016916626721517603,0.0044045789714696,0.00995130500444696,0.01489018223118888,0.0,0.0035194361340168804,0.0,0.0038550633608256005,0.0014929916436881602,0.0,0.0036141219007740006,0.00049794568410664,0.0008327275022836,0.0005241533516912001,0.00233586404955288,0.0007228243801548002,0.0022885211661743204,0.012214463911668482,0.0037341699264839207,0.00437837130388504,0.003493228466432321,0.0013357456381808003,0.00079637493111792,0.0,0.00021980624425760003,0.0012309149678425603,0.0,0.0033258375573438407,0.0,0.004917742010947921,0.0,0.0,0.0,0.0,0.0021684731404644003,0.0,0.00912364995395392,0.006923896694114401,0.006028608953080561,0.0,0.00144057630851904,0.010087415794160321,0.0037713679062813606,0.2800573818196,0.0,0.00552559081718336,0.0,0.00586629049578264,0.0,7.355055096312e-05,0.00073296928373592,0.00117849963267344,0.007793822176195441,0.00204757970612272,0.003493228466432321,0.0019275316804128002,0.005425832598635681,0.0013932334251404803,0.0013196828741773602,0.0037713679062813606,0.0,0.00036690734618384003,0.00594998595032688,0.0,0.00204250725433216,0.00460916786035552,0.0034146054636786404,0.0,0.0,0.0,0.0,0.0,0.0,0.0,0.0,0.0,0.0,0.016307711633328167,-0.0091873635162945,0.13865209229710831,-0.8259142459639393,0.0
522000,0.0,0.039115921768,0.0,0.10763187505840001,0.0,0.0,0.0,0.0,0.0,0.0232489266439892,0.0163030114713312,0.01656860858013592,0.00668766176271424,0.028322198607102403,0.01737274360541104,0.00244912357013016,0.0063767785109336,0.014407113215393359,0.02155742800634808,0.0,0.00509530305969608,0.0,0.0055812111343296,0.00216149536474256,0.0,0.005232385438434,0.00072090643818424,0.0012055905630076,0.0007588488822992001,0.0033817733254720797,0.0010464770876868002,0.0033132321361031202,0.01768362685719168,0.005406186311476721,0.0063388360668186405,0.00505736061558112,0.0019338407000528003,0.0011529607211707201,0.0,0.0003182269506416,0.00178207092359296,0.0,0.00481501855316944,0.0,0.00711971604570072,0.0,0.0,0.0,0.0,0.0031394312630604,0.0,0.01320886635124672,0.010024148945210401,0.00872798609625096,0.0,0.0020856104765126396,0.01460416913482912,0.005460040103123761,0.2858616798884,0.0,0.00799973595920576,0.0,0.008492987732700241,0.0,0.00010648363348392,0.00106116448540872,0.0017061860353630401,0.01128359329986504,0.00296440644020752,0.00505736061558112,0.0027906055671648,0.00785530988160688,0.00201706928714368,0.00191058565365976,0.005460040103123761,0.0,0.0005311942176094399,0.00861415876390608,0.0,0.00295706274134656,0.00667297436499232,0.00494353328323624,0.0,0.0,0.0,0.0,0.0,0.0,0.0,0.0,0.0,0.0,0.05753096195044464,-0.014156606250412528,0.18602739623696765,-0.820172952480741,-0.21491164175573843
525600,0.0,0.039115921768,0.0,0.1084520476116,0.0,0.0,0.0,0.0,0.0,0.0174966148970228,0.012269276674300798,0.012469159034535281,0.00503298256369216,0.021314644312561602,0.013074332816443358,0.00184315485174744,0.0047990188793624,0.01084246664663624,0.016223631386220717,0.0,0.00383460951915272,0.0,0.0042002929155264,0.00162669238789904,0.0,0.003937774608306,0.00054253783492216,0.0009073001144284,0.0005710924578128001,0.0025450459047367197,0.0007875549216612,0.00249346336016008,0.01330829650077312,0.004068573203482481,0.00477046425647176,0.0038060548962620803,0.0014553646505552002,0.0008676920891284801,0.0,0.0002394903855344,0.0013411461589926401,0.0,0.00362367375650896,0.0,0.00535813681789848,0.0,0.0,0.0,0.0,0.0023626647649836,0.0,0.00994069323341248,0.0075439471443336,0.006568484381714641,0.0,0.0015695831421177599,0.01099076646229408,0.00410910234564984,0.28459987596040004,0.0,0.00602041984558784,0.0,0.00639162994316616,0.0,8.013716746728e-05,0.00079860832407048,0.00128403691321136,0.00849177640092936,0.00223094505293968,0.0038060548962620803,0.0021001464577632,0.005911728055229921,0.0015180005975411201,0.00143786343007384,0.00410910234564984,0.0,0.00039976472046896,0.00648282051304272,0.0,0.00222541835173504,0.00502192916128288,0.00372039102759016,0.0,0.0,0.0,0.0,0.0,0.0,0.0,0.0,0.0,0.0,0.07524149727320915,0.011646851703444061,0.22308580595205635,-0.8145851419560186,-0.20832341179394484
529200,0.0,0.039115921768,0.0,0.1084520476116,0.0,0.0,0.0,0.0,0.0,0.0172569352408992,0.012101204391091198,0.01229834863680192,0.00496403759706624,0.021022662883622402,0.012895232366903039,0.0018179061551481602,0.0047332788947136,0.010693939706271359,0.01600138986038208,0.0,0.00378208062163008,0.0,0.0041427546564096005,0.00160440893053056,0.0,0.003883832490384,0.0005351058097862399,0.0008948713457376,0.0005632692734592,0.00251018226220608,0.0007767664980768001,0.0024593063278291203,0.013125991069255681,0.004012839323982721,0.00470511543104064,0.0037539171579571203,0.0014354281484928002,0.00085580589612672,0.0,0.0002362096953216,0.0013227742938009602,0.0,0.00357403438998144,0.0,0.0052847376834067195,0.0,0.0,0.0,0.0,0.0023302994942304,0.0,0.00980451935350272,0.007440605402630401,0.0064785051436089605,0.0,0.0015480820031846397,0.01084020801760512,0.00405281327242176,0.28907927990480003,0.0,0.00593794834085376,0.0,0.00630407336860224,0.0,7.903939804992e-05,0.00078766848401472,0.0012664473664550401,0.00837545069680704,0.00220038416180352,0.0037539171579571203,0.0020713773282048003,0.005830745479130881,0.00149720606880768,0.00141816667075776,0.00405281327242176,0.0,0.00039428849142143996,0.00639401475259008,0.0,0.00219493316883456,0.00495313561112832,0.0036694267669382403,0.0,0.0,0.0,0.0,0.0,0.0,0.0,0.0,0.0,0.0,0.07112807036291352,0.012993562333306062,0.2211840332181814,-0.8119529068535091,-0.20692044465556986
532800,0.0,0.039115921768,0.0,0.11299454175240001,0.0,0.0,0.0,0.0,0.0,0.0091078269326968,0.0063867467619648,0.006490795113867681,0.00261990873178496,0.011095294299689602,0.0068058170825321595,0.0009594504707726401,0.0024981194166544003,0.00564402373386544,0.00844517798186832,0.0,0.00199609810586032,0.0,0.0021864538464384,0.0008467713800022401,0.0,0.002049800481036,0.00028241695516496,0.0004722932102504,0.00029728100543680003,0.00132481841616432,0.00040996009620720004,0.0012979672285764801,0.006927606397662721,0.0021178874209908803,0.0024832553663825603,0.00198123405558848,0.0007575870783712002,0.00045167533406688,0.0,0.0001246662280864,0.0006981308772838401,0.0,0.00188629592804576,0.0,0.00278916711068688,0.0,0.0,0.0,0.0,0.0012298802886216,0.0,0.0051746074365708805,0.0039269861847216,0.0034192110480158406,0.0,0.00081704327945856,0.0057212208981804805,0.00213898478266704,0.2858616798884,0.0,0.0031339171798950402,0.0,0.00332714983342896,0.0,4.171523785968e-05,0.00041571392211888,0.00066840277674016,0.00442037675664816,0.00116131386317408,0.00198123405558848,0.0010932269232192,0.0030773378917635205,0.0007901920918707201,0.00074847685401104,0.00213898478266704,0.0,0.00020809670380576,0.0033746188972003203,0.0,0.00115843695021824,0.00261415490587328,0.0019366419047729601,0.0,0.0,0.0,0.0,0.0,0.0,0.0,0.0,0.0,0.0,0.04223541203476771,0.02424578787050217,0.039377932045570975,-0.48499002546011777,-0.2049937023966141
536400,0.0,0.022712470704000003,0.0,0.11476106725160001,0.0,0.0,0.0,0.0,0.0,0.0110252641816856,0.0077313250276416,0.00785727829573456,0.0031714684647923203,0.013431145731203202,0.00823862067885472,0.00116144004356688,0.0030240392938448,0.00683223925678448,0.01022311018857744,0.0,0.00241632928604144,0.0769069494116,0.0026467599193728004,0.00102503903895008,0.0,0.0024813374244120005,0.00034187315625232,0.0005717233597768,0.00035986648026560005,0.0016037275564094401,0.0004962674848824001,0.0015712234872241602,0.00838604984980224,0.0025637584569889603,0.0030060459698315204,0.0023983359620281604,0.0009170790948704002,0.0005467648780809601,0.0,0.00015091174978880002,0.0008451057988172802,0.0,0.00228341086026592,0.0,0.00337636018662096,0.0,0.0,0.0,0.0,0.0014888024546472,0.0,0.006263998475848961,0.0047537201183472004,0.004139044952861281,0.0,0.00098905239092352,0.00692568845569216,0.0025892973684916803,0.28907927990480003,0.0,0.0037936892177676805,0.0,0.00402760242994032,0.0,5.049739319856e-05,0.0005032326425649601,0.00080911915079072,0.00535098238962672,0.00140580099226336,0.0023983359620281604,0.0013233799596864002,0.003725198500555841,0.0009565483217382402,0.0009060509285396801,0.0025892973684916803,0.0,0.00025190653618592003,0.00408506498082144,0.0,0.00140231841342208,0.0031645033071097603,0.0023443559899883203,0.0,0.0,0.0,0.0,0.0,0.0,0.0,0.0,0.0,0.0,0.02455419535430646,0.016166383008690163,-0.026229985230605088,-0.48819233663073563,-0.20667941363855555
540000,0.0,0.022712470704000003,0.0,0.1121112790028,0.0,0.0,0.0,0.0,0.0,0.010186385385253,0.007143072036407999,0.0072594419036678005,0.0029301610816016,0.012409210729916001,0.0076117691054636,0.0010730696054694,0.002793949347574,0.0063123949655073995,0.009445264848142199,0.0,0.0022324781447122,0.0,0.0024453760124640003,0.0009470469381604001,0.0,0.0022925400116850002,0.0003158610682766,0.0005282226693589999,0.000332485335028,0.0014817048075522,0.00045850800233700005,0.0014516738740658,0.0077479808394912,0.0023686898787398003,0.0027773250808226,0.0022158538779608002,0.0008473013376520002,0.0005051632025748,0.0,0.000139429334044,0.0007808042706464001,0.0,0.0021096730774196,0.0,0.0031194632158998,0.0,0.0,0.0,0.0,0.001375524007011,0.0,0.0057873898961648,0.004392024022386001,0.0038241176194914006,0.0,0.0009137984046575999,0.0063987338992808,0.0023922856121934,0.2884483779408,0.0,0.0035050389511984,0.0,0.0037211544189666,0.0,4.66552002378e-05,0.0004649432023698,0.0007475557371436,0.0049438424251986,0.0012988378732868,0.0022158538779608002,0.0012226880062320001,0.0034417594842092005,0.0008837674711712001,0.0008371122709334001,0.0023922856121934,0.0,0.0002327397345196,0.0037742448192372,0.0,0.0012956202732704,0.0029237258815688,0.0021659810777066003,0.0,0.0,0.0,0.0,0.0,0.0,0.0,0.0,0.0,0.0,0.02869122713952267,0.01701799470906752,0.05669826524128944,-0.48371717236859024,-0.20542242213537287
543600,0.0,0.0,0.0,0.1162121417688,0.0,0.0,0.0,0.0,0.0,0.0128228616026126,0.0089918671517136,0.009138356278734761,0.0036885557144867203,0.015621006448247203,0.00958187405040712,0.0013508052680614802,0.0035170891787108002,0.00794619130952108,0.01188992163236724,0.0,0.0028102960174612402,0.0,0.0030782968627488002,0.0011921649692136801,0.0,0.0028859033088270004,0.00039761334477172,0.0006649391249578,0.00041854036291760007,0.0018652048753892401,0.0005771806617654001,0.0018274012297063603,0.00975334058618304,0.0029817625532371603,0.0034961621605649204,0.0027893689993153605,0.0010666028603384002,0.0006359113255941601,0.0,0.00017551692638480003,0.0009828947877548802,0.0,0.0026557061092223203,0.0,0.00392685369530916,0.0,0.0,0.0,0.0,0.0017315419852962002,0.0,0.007285302575172161,0.005528783181121201,0.004813889238653881,0.0,0.00115031093292192,0.008054876790859361,0.0030114654177022804,0.2910350759932,0.0,0.00441222550327328,0.0,0.0046842767391697205,0.0,5.873066382876e-05,0.00058528144298316,0.0009410407514631201,0.006223425170544121,0.00163500767578456,0.0027893689993153605,0.0015391484313744001,0.004332567821298641,0.0011125072872390403,0.0010537766234102802,0.0030114654177022804,0.0,0.00029297825404232,0.004751108184216241,0.0,0.00163095728517568,0.0036804549332689605,0.0027265879448777203,0.0,0.0,0.0,0.0,0.0,0.0,0.0,0.0,0.0,0.0,0.013708036084685647,0.00819506568047662,0.054925678547133865,-0.48254500708376546,-0.20729825963775086
547200,0.0,0.0,0.0,0.114508706466,0.0,0.0,0.0,0.0,0.0,0.0115046234939328,0.0080674695940608,0.00819889909120128,0.0033093583980441602,0.014015108589081601,0.008596821577935359,0.00121193743676544,0.0031555192631424,0.00712929313751424,0.010667593240254718,0.0,0.00252138708108672,0.0,0.0027618364376064,0.00106960595368704,0.0,0.002589221660256,0.00035673720652415995,0.0005965808971584,0.00037551284897280004,0.00167345484147072,0.0005178443320512001,0.0016395375518860802,0.00875066071283712,0.0026752262159884803,0.00313674362069376,0.0025026114386380804,0.0009569520989952001,0.0005705372640844801,0.0,0.0001574731302144,0.0008818495292006401,0.0,0.00238268959332096,0.0,0.00352315845560448,0.0,0.0,0.0,0.0,0.0015535329961536,0.0,0.0065363462356684806,0.0049604036017536005,0.00431900342907264,0.0,0.0010320546687897598,0.00722680534507008,0.0027018755149478403,0.2929277818852,0.0,0.00395863222723584,0.0,0.00420271557906816,0.0,5.269293203328e-05,0.00052511232267648,0.00084429824430336,0.00558363379787136,0.00146692277453568,0.0025026114386380804,0.0013809182188032,0.0038871636527539207,0.00099813737920512,0.0009454444471718401,0.0027018755149478403,0.0,0.00026285899428096,0.00426267650172672,0.0,0.00146328877922304,0.00330209040741888,0.00244628451129216,0.0,0.0,0.0,0.0,0.0,0.0,0.0,0.0,0.0,0.0,0.02053028531686507,0.010834197613285905,0.06283793514981238,-0.4804539132819043,-0.2057986173561109
550800,0.0,0.0,0.0,0.11513960843000001,0.0,0.0,0.0,0.0,0.0,0.013182381086798001,0.009243975576528,0.009394571875334802,0.0037919731644256004,0.016058978591656003,0.0098505247247176,0.0013886783129604002,0.0036156991556840004,0.008168981720068401,0.0122232839211252,0.0,0.0028890893637452003,0.11772630648240001,0.0031646042514240002,0.0012255901552664001,0.0,0.0029668164857100006,0.0004087613824756,0.0006835822779940001,0.00043027513944800006,0.0019175003391852,0.0005933632971420001,0.0018786367782028003,0.010026798733459201,0.0030653633724868007,0.0035941853987116004,0.0028675756067728007,0.0010965076134320003,0.0006537406150968001,0.0,0.00018043796170400003,0.0010104525855424002,0.0,0.0027301651590136006,0.0,0.004036952397046801,0.0,0.0,0.0,0.0,0.0017800898914260002,0.0,0.007489563395036801,0.005683795793676001,0.004948858095812401,0.0,0.0011825626413216,0.008280714457892802,0.0030958990275444004,0.2929277818852,0.0,0.004535932760374401,0.0,0.004815611601015601,0.0,6.03773179548e-05,0.0006016912030668,0.0009674250715976001,0.006397913726727601,0.0016808490124888,0.0028675756067728007,0.0015823021257120001,0.004454041685447201,0.0011436990803392003,0.0010833217623844001,0.0030958990275444004,0.0,0.00030119259761360003,0.0048843168248952,0.0,0.0016766850595264001,0.0037836452585008006,0.0028030343358556005,0.0,0.0,0.0,0.0,0.0,0.0,0.0,0.0,0.0,0.0,-0.000986738856832407,0.00472583801443365,-0.04783131053457693,-0.4858462777221484,-0.20739165210216046
554400,0.0,0.0,0.0,0.1170954045184,0.0,0.0,0.0,0.0,0.0,0.012942701430674402,0.0090759032933184,0.009223761477601441,0.0037230281977996805,0.015766997162716803,0.00967142427517728,0.0013634296163611201,0.0035499591710352004,0.00802045477970352,0.01200104239528656,0.0,0.0028365604662225602,0.1158336005904,0.0031070659923072004,0.0012033066978979201,0.0,0.0029128743677880003,0.00040132935733968,0.0006711535093032,0.00042245195509440006,0.00188263669665456,0.0005825748735576002,0.0018444797458718404,0.00984449330194176,0.0030096294929870407,0.0035288365732804804,0.0028154378684678407,0.0010765711113696003,0.0006418544220950401,0.0,0.00017715727149120002,0.0009920807203507203,0.0,0.0026805257924860802,0.0,0.00396355326255504,0.0,0.0,0.0,0.0,0.0017477246206728002,0.0,0.007353389515127041,0.0055804540519728005,0.004858878857706721,0.0,0.00116106150238848,0.00813015601320384,0.0030396099543163204,0.28971018186880004,0.0,0.00445346125564032,0.0,0.00472805502645168,0.0,5.9279548537440005e-05,0.0005907513630110401,0.0009498355248412801,0.006281588022605281,0.0016502881213526401,0.0028154378684678407,0.0015535329961536002,0.004373059109348161,0.0011229045516057603,0.00106362500306832,0.0030396099543163204,0.0,0.00029571636856608,0.00479551106444256,0.0,0.0016461998766259202,0.0037148517083462405,0.0027520700752036806,0.0,0.0,0.0,0.0,0.0,0.0,0.0,0.0,0.0,0.0,-0.0019401240134684825,0.0044759685248305465,-0.03876113287656542,-0.48676769880488785,-0.20733652704021713
558000,0.0,0.022712470704000003,0.0,0.1136254437164,0.0,0.0,0.0,0.0,0.0,0.014260939539354199,0.010000300850971198,0.010163218665134921,0.00410222551424224,0.0173728950218824,0.01065647674764904,0.0015022974476571601,0.0039115290866036,0.00883735295171036,0.013223370787399078,0.0,0.00312546940259708,0.1146979770552,0.0034235264174496,0.0013258657134245602,0.0,0.0032095560163590002,0.00044220549558723996,0.0007395117371026,0.00046547946903920004,0.00207438673057308,0.0006419112032718,0.0020323434236921203,0.01084717317528768,0.0033161658302357203,0.00388825511315164,0.0031021954291451203,0.0011862218727128001,0.00070722848360472,0.0,0.0001952010676616,0.00109312597890496,0.0,0.00295354230838744,0.0,0.00436724850225972,0.0,0.0,0.0,0.0,0.0019257336098154,0.0,0.00810234585463072,0.0061488336313404,0.005353764667287961,0.0,0.0012793177665206398,0.00895822745899312,0.00334919985707076,0.2910350759932,0.0,0.00490705453167776,0.0,0.00520961618655324,0.0,6.531728033292e-05,0.00065092048331772,0.00104657803200104,0.0069213793952780395,0.00181837302260152,0.0031021954291451203,0.0017117632087248,0.004818463277892881,0.00123727445963968,0.00117195717930676,0.00334919985707076,0.0,0.00032583562832744,0.00528394274693208,0.0,0.00181386838257856,0.00409321623419632,0.00303237350878924,0.0,0.0,0.0,0.0,0.0,0.0,0.0,0.0,0.0,0.0,-0.012384602117227332,-0.0011163452706209978,-0.06009625423838298,-0.48860473598090215,-0.20871300153474334
561600,0.0,0.022712470704000003,0.0,0.11476106725160001,0.0,0.0,0.0,0.0,0.0,0.0139014200551688,0.009748192426156798,0.00990700306853488,0.00399880806430336,0.0169349228784736,0.010387826073338558,0.00146442440275824,0.0038129191096304,0.008614562541163039,0.01289000849864112,0.0,0.00304667605631312,0.1146979770552,0.0033372190287744,0.00129244052737184,0.0,0.003128642839476,0.00043105745788335996,0.0007208685840663999,0.0004537446925088,0.0020220912667771197,0.0006257285678952,0.00198110787519568,0.01057371502801152,0.0032325650109860803,0.00379023187500496,0.00302398882168768,0.0011563171196192002,0.00068939919410208,0.0,0.0001902800323424,0.00106556818111744,0.0,0.00287908325859616,0.0,0.00425714980052208,0.0,0.0,0.0,0.0,0.0018771857036856,0.0,0.00789808503476608,0.0059938210187856006,0.00521879581012944,0.0,0.0012470660581209599,0.00873238979195968,0.00326476624722864,0.2858616798884,0.0,0.0047833472745766395,0.0,0.00507828132470736,0.0,6.367062620688e-05,0.00063451072323408,0.00102019371186656,0.00674689083909456,0.0017725316858972799,0.00302398882168768,0.0016686095143872,0.00469698941374432,0.00120608266653952,0.00114241204033264,0.00326476624722864,0.0,0.00031762128475616,0.00515073410625312,0.0,0.00176814060822784,0.0039900259089644795,0.00295592711781136,0.0,0.0,0.0,0.0,0.0,0.0,0.0,0.0,0.0,0.0,-0.008830853258345383,5.374717218233656e-05,-0.05368250957195034,-0.4899637979016638,-0.20868457725603556
565200,0.0,0.022712470704000003,0.0,0.1093353103612,0.0,0.0,0.0,0.0,0.0,0.012942701430674402,0.0090759032933184,0.009223761477601441,0.0037230281977996805,0.015766997162716803,0.00967142427517728,0.0013634296163611201,0.0035499591710352004,0.00802045477970352,0.01200104239528656,0.0,0.0028365604662225602,0.11495033784080001,0.0031070659923072004,0.0012033066978979201,0.0,0.0029128743677880003,0.00040132935733968,0.0006711535093032,0.00042245195509440006,0.00188263669665456,0.0005825748735576002,0.0018444797458718404,0.00984449330194176,0.0030096294929870407,0.0035288365732804804,0.0028154378684678407,0.0010765711113696003,0.0006418544220950401,0.0,0.00017715727149120002,0.0009920807203507203,0.0,0.0026805257924860802,0.0,0.00396355326255504,0.0,0.0,0.0,0.0,0.0017477246206728002,0.0,0.007353389515127041,0.0055804540519728005,0.004858878857706721,0.0,0.00116106150238848,0.00813015601320384,0.0030396099543163204,0.2852307779244,0.0,0.00445346125564032,0.0,0.00472805502645168,0.0,5.9279548537440005e-05,0.0005907513630110401,0.0009498355248412801,0.006281588022605281,0.0016502881213526401,0.0028154378684678407,0.0015535329961536002,0.004373059109348161,0.0011229045516057603,0.00106362500306832,0.0030396099543163204,0.0,0.00029571636856608,0.00479551106444256,0.0,0.0016461998766259202,0.0037148517083462405,0.0027520700752036806,0.0,0.0,0.0,0.0,0.0,0.0,0.0,0.0,0.0,0.0,0.0002864329354341812,0.002155443103122848,-0.04320528151270809,-0.49103641366784967,-0.20811940492110753
568800,0.0,0.022712470704000003,0.0,0.1049820868096,0.0,0.0,0.0,0.0,0.0,0.0115046234939328,0.0080674695940608,0.00819889909120128,0.0033093583980441602,0.014015108589081601,0.008596821577935359,0.00121193743676544,0.0031555192631424,0.00712929313751424,0.010667593240254718,0.0,0.00252138708108672,0.11495033784080001,0.0027618364376064,0.00106960595368704,0.0,0.002589221660256,0.00035673720652415995,0.0005965808971584,0.00037551284897280004,0.00167345484147072,0.0005178443320512001,0.0016395375518860802,0.00875066071283712,0.0026752262159884803,0.00313674362069376,0.0025026114386380804,0.0009569520989952001,0.0005705372640844801,0.0,0.0001574731302144,0.0008818495292006401,0.0,0.00238268959332096,0.0,0.00352315845560448,0.0,0.0,0.0,0.0,0.0015535329961536,0.0,0.0065363462356684806,0.0049604036017536005,0.00431900342907264,0.0,0.0010320546687897598,0.00722680534507008,0.0027018755149478403,0.2806882837836,0.0,0.00395863222723584,0.0,0.00420271557906816,0.0,5.269293203328e-05,0.00052511232267648,0.00084429824430336,0.00558363379787136,0.00146692277453568,0.0025026114386380804,0.0013809182188032,0.0038871636527539207,0.00099813737920512,0.0009454444471718401,0.0027018755149478403,0.0,0.00026285899428096,0.00426267650172672,0.0,0.00146328877922304,0.00330209040741888,0.00244628451129216,0.0,0.0,0.0,0.0,0.0,0.0,0.0,0.0,0.0,0.0,0.010321603106445887,0.006129216619606119,-0.025601448093213627,-0.4917657502226515,-0.2070304247550386
572400,0.0,0.022712470704000003,0.0,0.102206118168,0.0,0.0,0.0,0.0,0.0,0.0099467057291294,0.0069749997531983994,0.007088631505934441,0.00286121611497568,0.012117229300976801,0.007432668655923279,0.00104782090887012,0.0027282093629252,0.0061638680251425194,0.00922302332230356,0.0,0.00217994924718956,0.11463488685880001,0.0023878377533472,0.00092476348079192,0.0,0.002238597893763,0.00030842904314068,0.0005157939006681999,0.0003246621506744,0.00144684116502156,0.0004477195787526,0.00141751684173484,0.00756567540797376,0.0023129559992400403,0.00271197625539148,0.0021637161396558403,0.0008273648355896001,0.00049327700957304,0.0,0.0001361486438312,0.0007624324054547201,0.0,0.00206003371089208,0.0,0.00304606408140804,0.0,0.0,0.0,0.0,0.0013431587362578,0.0,0.00565121601625504,0.0042886822806828,0.0037341383813857204,0.0,0.0008922972657244799,0.00624817545459184,0.00233599653896532,0.2800573818196,0.0,0.00342256744646432,0.0,0.0036335978444026803,0.0,4.5557430820439996e-05,0.00045400336231404,0.00072996619038728,0.00482751672107628,0.00126827698215064,0.0021637161396558403,0.0011939188766736,0.0033607769081101606,0.00086297294243776,0.00081741551161732,0.00233599653896532,0.0,0.00022726350547207997,0.00368543905878456,0.0,0.00126513509036992,0.00285493233141424,0.00211501681705468,0.0,0.0,0.0,0.0,0.0,0.0,0.0,0.0,0.0,0.0,-0.051119635840360646,-0.0019062137619559316,-0.12673083041708927,-0.4994680401265014,0.0
576000,0.0,0.0,0.0,0.1017644867932,0.0,0.0,0.0,0.0,0.0,0.0094673464168822,0.0066388551867792,0.0067470107104677214,0.0027233261817238403,0.011533266443098402,0.00707446775684264,0.0009973235156715602,0.0025967293936276,0.00586681414441276,0.00877854027062628,0.0,0.00207489145214428,0.1150765182336,0.0022727612351136003,0.0008801965660549601,0.0,0.0021307136579190003,0.00029356499286884,0.0004909363632866,0.0003090157819672,0.0013771138799602801,0.00042614273158380006,0.0013492027770729202,0.0072010645449388806,0.0022014882402405203,0.0025812786045292403,0.0020594406630459203,0.0007874918314648002,0.00046950462356952006,0.0,0.0001295872634056,0.0007256886750713601,0.0,0.0019607549778370404,0.0,0.0028992658124245203,0.0,0.0,0.0,0.0,0.0012784281947514002,0.0,0.005378868256435521,0.0040819987972764,0.0035541799051743606,0.0,0.00084929498785824,0.005947058565213921,0.00222341839250916,0.2806882837836,0.0,0.0032576244369961604,0.0,0.0034584846952748403,0.0,4.336189198572e-05,0.00043212368220252003,0.00069478709687464,0.00459486531283164,0.00120715519987832,0.0020594406630459203,0.0011363806175568002,0.003198811755912081,0.0008213838849708802,0.0007780219929851601,0.00222341839250916,0.0,0.00021631104737704,0.0035078275378792804,0.0,0.0012041647245689601,0.00271734523110512,0.00201308829575084,0.0,0.0,0.0,0.0,0.0,0.0,0.0,0.0,0.0,0.0,-0.04061740744366921,-0.00244066726978737,-0.10535490265201339,-0.5010379396984853,0.0
579600,0.0,0.0,0.0,0.102206118168,0.0,0.0,0.0,0.0,0.0,0.0088681472765732,0.006218674478755199,0.006319984716134321,0.00255096376515904,0.010803312870750401,0.00662671663299184,0.00093420177417336,0.0024323794320056,0.005495496793500559,0.00822293645602968,0.0,0.00194356920833768,0.1145717966624,0.0021289155873216,0.00082448792263376,0.0,0.001995858363114,0.00027498493002904,0.0004598644415596,0.00028945782108320004,0.00128995477363368,0.00039917167262280004,0.00126381019624552,0.00674530096614528,0.0020621535414911203,0.00241790654095144,0.0019290963172835201,0.0007376505763088001,0.00043978914106512003,0.0,0.0001213855378736,0.0006797590120921601,0.0,0.0018366565615182402,0.0,0.00271576797619512,0.0,0.0,0.0,0.0,0.0011975150178684,0.0,0.00503843355666112,0.0038236444430184004,0.0033292318099101604,0.0,0.0007955421405254399,0.00557066245349152,0.00208269570943896,0.281382275944,0.0,0.00305144567516096,0.0,0.0032395932588650403,0.0,4.061746844232e-05,0.00040477408206312,0.00065081322998384,0.00430405105252584,0.00113075297203792,0.0019290963172835201,0.0010644577936608,0.0029963553156644807,0.0007693975631372801,0.00072878009469496,0.00208269570943896,0.0,0.00020262047475824,0.00328581313674768,0.0,0.00112795176731776,0.00254536135571872,0.0018856776441210402,0.0,0.0,0.0,0.0,0.0,0.0,0.0,0.0,0.0,0.0,-0.03413586227904171,-0.0033007857350956225,-0.09965323162844016,-0.5033766464579374,0.0
583200,0.0,0.0,0.0,0.1019537573824,0.0,0.0,0.0,0.0,0.0,0.0076697489959552,0.0053783130627072,0.005465932727467521,0.0022062389320294403,0.009343405726054401,0.00573121438529024,0.00080795829117696,0.0021036795087616,0.00475286209167616,0.00711172882683648,0.0,0.0016809247207244802,0.1156443300012,0.0018412242917376,0.0007130706357913601,0.0,0.0017261477735040001,0.00023782480434944,0.0003977205981056,0.0002503418993152,0.00111563656098048,0.00034522955470080006,0.0010930250345907201,0.00583377380855808,0.0017834841439923201,0.00209116241379584,0.0016684076257587202,0.0006379680659968001,0.00038035817605632004,0.0,0.0001049820868096,0.0005878996861337601,0.0,0.0015884597288806403,0.0,0.0023487723037363202,0.0,0.0,0.0,0.0,0.0010356886641024001,0.0,0.00435756415711232,0.0033069357345024003,0.0028793356193817605,0.0,0.00068803644585984,0.0048178702300467205,0.0018012503432985603,0.2800573818196,0.0,0.00263908815149056,0.0,0.00280181038604544,0.0,3.512862135552e-05,0.00035007488178432,0.0005628654962022401,0.00372242253191424,0.00097794851635712,0.0016684076257587202,0.0009206121458688,0.0025914424351692806,0.0006654249194700801,0.0006302962981145601,0.0018012503432985603,0.0,0.00017523932952064,0.00284178433448448,0.0,0.00097552585281536,0.00220139360494592,0.0016308563408614402,0.0,0.0,0.0,0.0,0.0,0.0,0.0,0.0,0.0,0.0,-0.02495170101859446,-0.00045470967555335916,-0.0900295273655458,-0.5052952806147409,0.0
586800,0.0,0.0,0.0,0.10390955347080001,0.0,0.0,0.0,0.0,0.0,0.0076697489959552,0.0053783130627072,0.005465932727467521,0.0022062389320294403,0.009343405726054401,0.00573121438529024,0.00080795829117696,0.0021036795087616,0.00475286209167616,0.00711172882683648,0.0,0.0016809247207244802,0.11463488685880001,0.0018412242917376,0.0007130706357913601,0.0,0.0017261477735040001,0.00023782480434944,0.0003977205981056,0.0002503418993152,0.00111563656098048,0.00034522955470080006,0.0010930250345907201,0.00583377380855808,0.0017834841439923201,0.00209116241379584,0.0016684076257587202,0.0006379680659968001,0.00038035817605632004,0.0,0.0001049820868096,0.0005878996861337601,0.0,0.0015884597288806403,0.0,0.0023487723037363202,0.0,0.0,0.0,0.0,0.0010356886641024001,0.0,0.00435756415711232,0.0033069357345024003,0.0028793356193817605,0.0,0.00068803644585984,0.0048178702300467205,0.0018012503432985603,0.27879557789160003,0.0,0.00263908815149056,0.0,0.00280181038604544,0.0,3.512862135552e-05,0.00035007488178432,0.0005628654962022401,0.00372242253191424,0.00097794851635712,0.0016684076257587202,0.0009206121458688,0.0025914424351692806,0.0006654249194700801,0.0006302962981145601,0.0018012503432985603,0.0,0.00017523932952064,0.00284178433448448,0.0,0.00097552585281536,0.00220139360494592,0.0016308563408614402,0.0,0.0,0.0,0.0,0.0,0.0,0.0,0.0,0.0,0.0,-0.02305690367921896,-0.0032275698248083883,-0.08669716654158564,-0.5074341276468216,0.0
590400,0.0,0.0,0.0,0.10264774954280001,0.0,0.0,0.0,0.0,0.0,0.010186385385253,0.007143072036407999,0.0072594419036678005,0.0029301610816016,0.012409210729916001,0.0076117691054636,0.0010730696054694,0.002793949347574,0.0063123949655073995,0.009445264848142199,0.0,0.0022324781447122,0.115455059412,0.0024453760124640003,0.0009470469381604001,0.0,0.0022925400116850002,0.0003158610682766,0.0005282226693589999,0.000332485335028,0.0014817048075522,0.00045850800233700005,0.0014516738740658,0.0077479808394912,0.0023686898787398003,0.0027773250808226,0.0022158538779608002,0.0008473013376520002,0.0005051632025748,0.0,0.000139429334044,0.0007808042706464001,0.0,0.0021096730774196,0.0,0.0031194632158998,0.0,0.0,0.0,0.0,0.001375524007011,0.0,0.0057873898961648,0.004392024022386001,0.0038241176194914006,0.0,0.0009137984046575999,0.0063987338992808,0.0023922856121934,0.2755779778752,0.0,0.0035050389511984,0.0,0.0037211544189666,0.0,4.66552002378e-05,0.0004649432023698,0.0007475557371436,0.0049438424251986,0.0012988378732868,0.0022158538779608002,0.0012226880062320001,0.0034417594842092005,0.0008837674711712001,0.0008371122709334001,0.0023922856121934,0.0,0.0002327397345196,0.0037742448192372,0.0,0.0012956202732704,0.0029237258815688,0.0021659810777066003,0.0,0.0,0.0,0.0,0.0,0.0,0.0,0.0,0.0,0.0,-0.032297941050531104,-0.013291412034829635,-0.10062309232322991,-0.5109283211878928,0.0
594000,0.0,0.0,0.0,0.10264774954280001,0.0,0.0,0.0,0.0,0.0,0.0115046234939328,0.0080674695940608,0.00819889909120128,0.0033093583980441602,0.014015108589081601,0.008596821577935359,0.00121193743676544,0.0031555192631424,0.00712929313751424,0.010667593240254718,0.0,0.00252138708108672,0.11444561626960001,0.0027618364376064,0.00106960595368704,0.0,0.002589221660256,0.00035673720652415995,0.0005965808971584,0.00037551284897280004,0.00167345484147072,0.0005178443320512001,0.0016395375518860802,0.00875066071283712,0.0026752262159884803,0.00313674362069376,0.0025026114386380804,0.0009569520989952001,0.0005705372640844801,0.0,0.0001574731302144,0.0008818495292006401,0.0,0.00238268959332096,0.0,0.00352315845560448,0.0,0.0,0.0,0.0,0.0015535329961536,0.0,0.0065363462356684806,0.0049604036017536005,0.00431900342907264,0.0,0.0010320546687897598,0.00722680534507008,0.0027018755149478403,0.2775337739636,0.0,0.00395863222723584,0.0,0.00420271557906816,0.0,5.269293203328e-05,0.00052511232267648,0.00084429824430336,0.00558363379787136,0.00146692277453568,0.0025026114386380804,0.0013809182188032,0.0038871636527539207,0.00099813737920512,0.0009454444471718401,0.0027018755149478403,0.0,0.00026285899428096,0.00426267650172672,0.0,0.00146328877922304,0.00330209040741888,0.00244628451129216,0.0,0.0,0.0,0.0,0.0,0.0,0.0,0.0,0.0,0.0,-0.03823102658116428,-0.017327412967294165,-0.10929590672503982,-0.5143864177093537,0.0
597600,0.0,0.022712470704000003,0.0,0.10542371818440001,0.0,0.0,0.0,0.0,0.0,0.014860138679663201,0.0104204815589952,0.01059024465946832,0.00427458793080704,0.018102848594230402,0.011104227871499839,0.0015654191891553602,0.0040758790482256,0.00920867030262256,0.01377897460199568,0.0,0.0032567916464036803,0.11608596137600001,0.0035673720652416004,0.0013815743568457602,0.0,0.003344411311164,0.00046078555842704,0.0007705836588296,0.0004850374299232,0.0021615458368996797,0.0006688822622328,0.00211773600451952,0.011302936754081281,0.0034555005289851203,0.0040516271767294405,0.0032325397749075205,0.0012360631278688003,0.00073694396610912,0.0,0.0002034027931936,0.0011390556418841601,0.0,0.0030776407247062403,0.0,0.00455074633848912,0.0,0.0,0.0,0.0,0.0020066467866984,0.0,0.008442780554405121,0.006407187985598401,0.005578712762552161,0.0,0.0013330706138534399,0.00933462357071552,0.0034899225401409605,0.282013177908,0.0,0.0051132332935129605,0.0,0.0054285076229630405,0.0,6.806170387632e-05,0.00067827008345712,0.00109055189889184,0.00721219365558384,0.00189477525044192,0.0032325397749075205,0.0017836860326208002,0.005020919718140481,0.0012892607814732802,0.00122119907759696,0.0034899225401409605,0.0,0.00033952620094624,0.00550595714806368,0.0,0.00189008133982976,0.00426520010958272,0.00315978416041904,0.0,0.0,0.0,0.0,0.0,0.0,0.0,0.0,0.0,0.0,-0.02351642627037028,-0.017756897597977658,0.10908475991012864,-0.8325060288146978,0.0
601200,0.0,0.022712470704000003,0.0,0.10523444759520001,0.0,0.0,0.0,0.0,0.0,0.0200132512863206,0.014034035648001599,0.014262668210735562,0.00575690471326432,0.024380449316423202,0.014954887536616718,0.00210826616603988,0.0054892887181748,0.012401999520467478,0.01855716740752644,0.0,0.00438616294314044,0.1172846751076,0.0048044446362528,0.0018606686902680801,0.0,0.004504166846487,0.0006205740988493199,0.0010378021856818,0.0006532358935256,0.00291111415130844,0.0009008333692974,0.0028521121996351604,0.01522250353170624,0.004653778938229961,0.00545662692349852,0.00435350114846416,0.0016646979222104002,0.00099249711564696,0.0,0.0002739376327688,0.00153405074350528,0.0,0.00414488710504792,0.0,0.0061288277300619596,0.0,0.0,0.0,0.0,0.0027025001078922,0.0,0.01137051897246496,0.0086290354322172,0.007513266381824281,0.0,0.0017953451009155197,0.01257163013152816,0.00470013761454468,0.282644079872,0.0,0.00688637064529568,0.0,0.0073109739760873205,0.0,9.166374634956e-05,0.00091347664465596,0.00146872715415272,0.00971319629421372,0.00255183440986936,0.00435350114846416,0.0024022223181264,0.006762045104269841,0.00173634314924224,0.00164467940289268,0.00470013761454468,0.0,0.00045726512546791996,0.00741528099779544,0.0,0.00254551277219008,0.00574426143790576,0.00425551576443532,0.0,0.0,0.0,0.0,0.0,0.0,0.0,0.0,0.0,0.0,-0.044605925003509905,-0.029321724149035326,0.05831826040954875,-0.8334170683123062,0.0
604800,0.0,0.039115921768,0.0,0.1032786515068,0.0,0.0,0.0,0.0,0.0,0.0160585369602812,0.011260842975043199,0.011444296648135122,0.00461931276393664,0.019562755738926404,0.01199973011920144,0.0016916626721517603,0.0044045789714696,0.00995130500444696,0.01489018223118888,0.0,0.0035194361340168804,0.0,0.0038550633608256005,0.0014929916436881602,0.0,0.0036141219007740006,0.00049794568410664,0.0008327275022836,0.0005241533516912001,0.00233586404955288,0.0007228243801548002,0.0022885211661743204,0.012214463911668482,0.0037341699264839207,0.00437837130388504,0.003493228466432321,0.0013357456381808003,0.00079637493111792,0.0,0.00021980624425760003,0.0012309149678425603,0.0,0.0033258375573438407,0.0,0.004917742010947921,0.0,0.0,0.0,0.0,0.0021684731404644003,0.0,0.00912364995395392,0.006923896694114401,0.006028608953080561,0.0,0.00144057630851904,0.010087415794160321,0.0037713679062813606,0.2800573818196,0.0,0.00552559081718336,0.0,0.00586629049578264,0.0,7.355055096312e-05,0.00073296928373592,0.00117849963267344,0.007793822176195441,0.00204757970612272,0.003493228466432321,0.0019275316804128002,0.005425832598635681,0.0013932334251404803,0.0013196828741773602,0.0037713679062813606,0.0,0.00036690734618384003,0.00594998595032688,0.0,0.00204250725433216,0.00460916786035552,0.0034146054636786404,0.0,0.0,0.0,0.0,0.0,0.0,0.0,0.0,0.0,0.0,0.016307687912428568,-0.00918736858879608,0.1386520502475358,-0.8259141751209657,0.0
